-- phpMyAdmin SQL Dump
-- version 4.7.4
-- https://www.phpmyadmin.net/
--
-- Host: 127.0.0.1:3306
-- Generation Time: May 14, 2019 at 09:37 AM
-- Server version: 5.7.19
-- PHP Version: 5.6.31

SET SQL_MODE = "NO_AUTO_VALUE_ON_ZERO";
SET AUTOCOMMIT = 0;
START TRANSACTION;
SET time_zone = "+00:00";


/*!40101 SET @OLD_CHARACTER_SET_CLIENT=@@CHARACTER_SET_CLIENT */;
/*!40101 SET @OLD_CHARACTER_SET_RESULTS=@@CHARACTER_SET_RESULTS */;
/*!40101 SET @OLD_COLLATION_CONNECTION=@@COLLATION_CONNECTION */;
/*!40101 SET NAMES utf8mb4 */;

--
-- Database: `chai`
--
CREATE DATABASE IF NOT EXISTS `chai` DEFAULT CHARACTER SET latin1 COLLATE latin1_swedish_ci;
USE `chai`;

-- --------------------------------------------------------

--
-- Table structure for table `bf_activities`
--

DROP TABLE IF EXISTS `bf_activities`;
CREATE TABLE IF NOT EXISTS `bf_activities` (
  `activity_id` bigint(20) NOT NULL AUTO_INCREMENT,
  `user_id` bigint(20) UNSIGNED NOT NULL DEFAULT '0',
  `activity` varchar(255) NOT NULL,
  `module` varchar(255) NOT NULL,
  `created_on` datetime NOT NULL,
  `deleted` tinyint(12) NOT NULL DEFAULT '0',
  PRIMARY KEY (`activity_id`)
) ENGINE=MyISAM AUTO_INCREMENT=28 DEFAULT CHARSET=utf8;

--
-- Dumping data for table `bf_activities`
--

INSERT INTO `bf_activities` (`activity_id`, `user_id`, `activity`, `module`, `created_on`, `deleted`) VALUES
(1, 1, 'Migrate Type: user_management_ to Version: 1 from: ::1', 'migrations', '2019-05-14 04:26:41', 0),
(2, 1, 'Migration module: user_management Version: 1 from: ::1', 'migrations', '2019-05-14 04:26:41', 0),
(3, 1, 'Created new user: Subcounty Pharmacist', 'system_utilities', '2019-05-14 05:13:52', 0),
(4, 1, 'Banned user account for: User id ', 'system_utilities', '2019-05-14 05:20:43', 0),
(5, 1, 'Banned user account for: User id ', 'system_utilities', '2019-05-14 05:20:49', 0),
(6, 1, 'Created new user: County Pharmacist', 'system_utilities', '2019-05-14 05:21:42', 0),
(7, 1, 'Created new user: National order Management team', 'system_utilities', '2019-05-14 05:23:21', 0),
(8, 1, 'Changed password for: User id 11', 'system_utilities', '2019-05-14 05:23:51', 0),
(9, 1, 'Changed password for: User id 12', 'system_utilities', '2019-05-14 05:24:02', 0),
(10, 1, 'Changed password for: User id 10', 'system_utilities', '2019-05-14 05:24:12', 0),
(11, 1, 'Edited order Item: order item id 1', 'Stores', '2019-05-14 08:12:01', 0),
(12, 1, 'logged out from: ::1', 'users', '2019-05-14 09:17:12', 0),
(13, 1, 'logged in from: ::1', 'users', '2019-05-14 09:17:15', 0),
(14, 1, 'Migrate Type: orders_ to Version: 1 from: ::1', 'migrations', '2019-05-14 09:24:33', 0),
(15, 1, 'Migration module: orders Version: 1 from: ::1', 'migrations', '2019-05-14 09:24:33', 0),
(16, 1, 'logged out from: ::1', 'users', '2019-05-14 09:26:32', 0),
(17, 11, 'logged in from: ::1', 'users', '2019-05-14 09:26:39', 0),
(18, 11, 'logged out from: ::1', 'users', '2019-05-14 09:26:47', 0),
(19, 10, 'logged in from: ::1', 'users', '2019-05-14 09:26:55', 0),
(20, 10, 'logged out from: ::1', 'users', '2019-05-14 09:31:03', 0),
(21, 11, 'logged in from: ::1', 'users', '2019-05-14 09:31:10', 0),
(22, 11, 'logged out from: ::1', 'users', '2019-05-14 09:31:29', 0),
(23, 1, 'logged in from: ::1', 'users', '2019-05-14 09:31:35', 0),
(24, 1, 'logged out from: ::1', 'users', '2019-05-14 09:32:23', 0),
(25, 11, 'logged in from: ::1', 'users', '2019-05-14 09:32:30', 0),
(26, 11, 'logged out from: ::1', 'users', '2019-05-14 09:36:48', 0),
(27, 12, 'logged in from: ::1', 'users', '2019-05-14 09:36:56', 0);

-- --------------------------------------------------------

--
-- Table structure for table `bf_ci3_sessions`
--

DROP TABLE IF EXISTS `bf_ci3_sessions`;
CREATE TABLE IF NOT EXISTS `bf_ci3_sessions` (
  `id` varchar(40) NOT NULL,
  `ip_address` varchar(45) NOT NULL,
  `timestamp` int(10) UNSIGNED NOT NULL DEFAULT '0',
  `data` blob NOT NULL,
  PRIMARY KEY (`id`)
) ENGINE=MyISAM DEFAULT CHARSET=utf8;

--
-- Dumping data for table `bf_ci3_sessions`
--

INSERT INTO `bf_ci3_sessions` (`id`, `ip_address`, `timestamp`, `data`) VALUES
('f3d70e9aab060ba71d5f996076884248b0d309d4', '::1', 1557815816, 0x5f5f63695f6c6173745f726567656e65726174657c693a313535373831353830383b757365725f69647c733a323a223132223b617574685f637573746f6d7c733a383a226e6174696f6e616c223b757365725f746f6b656e7c733a34303a2230383433663034313265643964663736396438306638366563316131633930336336303232303031223b6964656e746974797c733a383a226e6174696f6e616c223b726f6c655f69647c733a313a2237223b6c6f676765645f696e7c623a313b7265717565737465645f706167657c733a32393a22687474703a2f2f6c6f63616c686f73742f636861692f7075626c69632f223b70726576696f75735f706167657c733a32393a22687474703a2f2f6c6f63616c686f73742f636861692f7075626c69632f223b),
('9d1f5f5c976bd707ba5f0cede8e95c90ca9e5b79', '::1', 1557814923, 0x5f5f63695f6c6173745f726567656e65726174657c693a313535373831343633333b757365725f69647c733a313a2231223b617574685f637573746f6d7c733a353a2261646d696e223b757365725f746f6b656e7c733a34303a2234363065313463653364363562363937313765356134366462623336356662326232363264646661223b6964656e746974797c733a353a2261646d696e223b726f6c655f69647c733a313a2231223b6c6f676765645f696e7c623a313b7265717565737465645f706167657c733a34373a22687474703a2f2f6c6f63616c686f73742f636861692f7075626c69632f686f6d652f6f726465725f64657461696c73223b70726576696f75735f706167657c733a34373a22687474703a2f2f6c6f63616c686f73742f636861692f7075626c69632f686f6d652f6f726465725f64657461696c73223b),
('9022fd88b2badf70fd4eef524607fc9848f10154', '::1', 1557813253, 0x5f5f63695f6c6173745f726567656e65726174657c693a313535373831333131373b7265717565737465645f706167657c733a32393a22687474703a2f2f6c6f63616c686f73742f636861692f7075626c69632f223b757365725f69647c733a313a2231223b617574685f637573746f6d7c733a353a2261646d696e223b757365725f746f6b656e7c733a34303a2234363065313463653364363562363937313765356134366462623336356662326232363264646661223b6964656e746974797c733a353a2261646d696e223b726f6c655f69647c733a313a2231223b6c6f676765645f696e7c623a313b70726576696f75735f706167657c733a32393a22687474703a2f2f6c6f63616c686f73742f636861692f7075626c69632f223b6c616e67756167657c733a373a22656e676c697368223b),
('f8d9e4376cbb863f8fb38819beae8b5229b9828a', '::1', 1557813094, 0x5f5f63695f6c6173745f726567656e65726174657c693a313535373831323831363b7265717565737465645f706167657c733a32393a22687474703a2f2f6c6f63616c686f73742f636861692f7075626c69632f223b757365725f69647c733a313a2231223b617574685f637573746f6d7c733a353a2261646d696e223b757365725f746f6b656e7c733a34303a2234363065313463653364363562363937313765356134366462623336356662326232363264646661223b6964656e746974797c733a353a2261646d696e223b726f6c655f69647c733a313a2231223b6c6f676765645f696e7c623a313b70726576696f75735f706167657c733a32393a22687474703a2f2f6c6f63616c686f73742f636861692f7075626c69632f223b6c616e67756167657c733a373a22656e676c697368223b),
('1b29461a8d18237670cb353827fc91ce2f2ed300', '::1', 1557811306, 0x5f5f63695f6c6173745f726567656e65726174657c693a313535373831313034393b7265717565737465645f706167657c733a32393a22687474703a2f2f6c6f63616c686f73742f636861692f7075626c69632f223b757365725f69647c733a313a2231223b617574685f637573746f6d7c733a353a2261646d696e223b757365725f746f6b656e7c733a34303a2234363065313463653364363562363937313765356134366462623336356662326232363264646661223b6964656e746974797c733a353a2261646d696e223b726f6c655f69647c733a313a2231223b6c6f676765645f696e7c623a313b70726576696f75735f706167657c733a32393a22687474703a2f2f6c6f63616c686f73742f636861692f7075626c69632f223b6c616e67756167657c733a373a22656e676c697368223b),
('d14305aaf363906c0c02980550173564b5cb131a', '::1', 1557810855, 0x5f5f63695f6c6173745f726567656e65726174657c693a313535373831303535383b7265717565737465645f706167657c733a34313a22687474703a2f2f6c6f63616c686f73742f636861692f7075626c69632f6f72646572732f696e646578223b757365725f69647c733a313a2231223b617574685f637573746f6d7c733a353a2261646d696e223b757365725f746f6b656e7c733a34303a2234363065313463653364363562363937313765356134366462623336356662326232363264646661223b6964656e746974797c733a353a2261646d696e223b726f6c655f69647c733a313a2231223b6c6f676765645f696e7c623a313b70726576696f75735f706167657c733a34313a22687474703a2f2f6c6f63616c686f73742f636861692f7075626c69632f6f72646572732f696e646578223b6c616e67756167657c733a373a22656e676c697368223b6d6573736167657c733a303a22223b5f5f63695f766172737c613a313a7b733a373a226d657373616765223b733a333a226e6577223b7d),
('3f3cb5e7f6d763743f13c575ec21438ed7f92b16', '::1', 1557810289, 0x5f5f63695f6c6173745f726567656e65726174657c693a313535373831303134303b7265717565737465645f706167657c733a34333a22687474703a2f2f6c6f63616c686f73742f636861692f7075626c69632f6f72646572732f696e6465782f31223b757365725f69647c733a313a2231223b617574685f637573746f6d7c733a353a2261646d696e223b757365725f746f6b656e7c733a34303a2234363065313463653364363562363937313765356134366462623336356662326232363264646661223b6964656e746974797c733a353a2261646d696e223b726f6c655f69647c733a313a2231223b6c6f676765645f696e7c623a313b70726576696f75735f706167657c733a34333a22687474703a2f2f6c6f63616c686f73742f636861692f7075626c69632f6f72646572732f696e6465782f31223b6c616e67756167657c733a373a22656e676c697368223b),
('ab928512cbb3b17a78fd28a1fe8f1d8274e452d2', '::1', 1557807860, 0x5f5f63695f6c6173745f726567656e65726174657c693a313535373830373732373b7265717565737465645f706167657c733a34333a22687474703a2f2f6c6f63616c686f73742f636861692f7075626c69632f6f72646572732f696e6465782f31223b757365725f69647c733a313a2231223b617574685f637573746f6d7c733a353a2261646d696e223b757365725f746f6b656e7c733a34303a2234363065313463653364363562363937313765356134366462623336356662326232363264646661223b6964656e746974797c733a353a2261646d696e223b726f6c655f69647c733a313a2231223b6c6f676765645f696e7c623a313b70726576696f75735f706167657c733a34333a22687474703a2f2f6c6f63616c686f73742f636861692f7075626c69632f6f72646572732f696e6465782f31223b6c616e67756167657c733a373a22656e676c697368223b),
('4de80efc6cfa1c38b45d0187424c18e4dcdc4e68', '::1', 1557807514, 0x5f5f63695f6c6173745f726567656e65726174657c693a313535373830373333353b7265717565737465645f706167657c733a35313a22687474703a2f2f6c6f63616c686f73742f636861692f7075626c69632f6f72646572732f73686f775f7174795f6669656c6473223b757365725f69647c733a313a2231223b617574685f637573746f6d7c733a353a2261646d696e223b757365725f746f6b656e7c733a34303a2234363065313463653364363562363937313765356134366462623336356662326232363264646661223b6964656e746974797c733a353a2261646d696e223b726f6c655f69647c733a313a2231223b6c6f676765645f696e7c623a313b70726576696f75735f706167657c733a35313a22687474703a2f2f6c6f63616c686f73742f636861692f7075626c69632f6f72646572732f73686f775f7174795f6669656c6473223b6c616e67756167657c733a373a22656e676c697368223b),
('8b57cc65d2b341244f0e585ff10ad9dcee3d3f50', '::1', 1557807306, 0x5f5f63695f6c6173745f726567656e65726174657c693a313535373830373032373b7265717565737465645f706167657c733a35383a22687474703a2f2f6c6f63616c686f73742f636861692f7075626c69632f6f72646572732f6765745f73746f72655f7365617263685f6974656d73223b757365725f69647c733a313a2231223b617574685f637573746f6d7c733a353a2261646d696e223b757365725f746f6b656e7c733a34303a2234363065313463653364363562363937313765356134366462623336356662326232363264646661223b6964656e746974797c733a353a2261646d696e223b726f6c655f69647c733a313a2231223b6c6f676765645f696e7c623a313b70726576696f75735f706167657c733a34333a22687474703a2f2f6c6f63616c686f73742f636861692f7075626c69632f6f72646572732f696e6465782f31223b6c616e67756167657c733a373a22656e676c697368223b),
('b971cc87552909f5aff23b531fc7ea0d33adf2fb', '::1', 1557803122, 0x5f5f63695f6c6173745f726567656e65726174657c693a313535373830333037303b7265717565737465645f706167657c733a35353a22687474703a2f2f6c6f63616c686f73742f636861692f7075626c69632f666163696c69746965732f66696c7465725f6c6f636174696f6e223b757365725f69647c733a313a2231223b617574685f637573746f6d7c733a353a2261646d696e223b757365725f746f6b656e7c733a34303a2234363065313463653364363562363937313765356134366462623336356662326232363264646661223b6964656e746974797c733a353a2261646d696e223b726f6c655f69647c733a313a2231223b6c6f676765645f696e7c623a313b70726576696f75735f706167657c733a35353a22687474703a2f2f6c6f63616c686f73742f636861692f7075626c69632f666163696c69746965732f66696c7465725f6c6f636174696f6e223b6c616e67756167657c733a373a22656e676c697368223b),
('dcbef15b963eb3f895d85893beb55a74ea086ec5', '::1', 1557802756, 0x5f5f63695f6c6173745f726567656e65726174657c693a313535373830323735363b7265717565737465645f706167657c733a32393a22687474703a2f2f6c6f63616c686f73742f636861692f7075626c69632f223b757365725f69647c733a313a2231223b617574685f637573746f6d7c733a353a2261646d696e223b757365725f746f6b656e7c733a34303a2234363065313463653364363562363937313765356134366462623336356662326232363264646661223b6964656e746974797c733a353a2261646d696e223b726f6c655f69647c733a313a2231223b6c6f676765645f696e7c623a313b70726576696f75735f706167657c733a32393a22687474703a2f2f6c6f63616c686f73742f636861692f7075626c69632f223b6c616e67756167657c733a373a22656e676c697368223b),
('4bcb5bcf1a8db38a41db6ae523b6f409c0a17575', '::1', 1557800682, 0x5f5f63695f6c6173745f726567656e65726174657c693a313535373830303637343b7265717565737465645f706167657c733a35373a22687474703a2f2f6c6f63616c686f73742f636861692f7075626c69632f757365725f6d616e6167656d656e742f64697361626c655f75736572223b757365725f69647c733a313a2231223b617574685f637573746f6d7c733a353a2261646d696e223b757365725f746f6b656e7c733a34303a2234363065313463653364363562363937313765356134366462623336356662326232363264646661223b6964656e746974797c733a353a2261646d696e223b726f6c655f69647c733a313a2231223b6c6f676765645f696e7c623a313b70726576696f75735f706167657c733a35373a22687474703a2f2f6c6f63616c686f73742f636861692f7075626c69632f757365725f6d616e6167656d656e742f64697361626c655f75736572223b6c616e67756167657c733a373a22656e676c697368223b),
('d1041308761ffd2e384ebb79380e67ba59fa3e89', '::1', 1557800652, 0x5f5f63695f6c6173745f726567656e65726174657c693a313535373830303335383b7265717565737465645f706167657c733a35303a22687474703a2f2f6c6f63616c686f73742f636861692f7075626c69632f757365725f6d616e6167656d656e742f696e646578223b757365725f69647c733a313a2231223b617574685f637573746f6d7c733a353a2261646d696e223b757365725f746f6b656e7c733a34303a2234363065313463653364363562363937313765356134366462623336356662326232363264646661223b6964656e746974797c733a353a2261646d696e223b726f6c655f69647c733a313a2231223b6c6f676765645f696e7c623a313b70726576696f75735f706167657c733a35303a22687474703a2f2f6c6f63616c686f73742f636861692f7075626c69632f757365725f6d616e6167656d656e742f696e646578223b6c616e67756167657c733a373a22656e676c697368223b6d6573736167657c733a303a22223b5f5f63695f766172737c613a313a7b733a373a226d657373616765223b733a333a226e6577223b7d),
('6ae19e888251ca55d76b9be7772c0f6636c54ff4', '::1', 1557800035, 0x5f5f63695f6c6173745f726567656e65726174657c693a313535373739393839373b7265717565737465645f706167657c733a35303a22687474703a2f2f6c6f63616c686f73742f636861692f7075626c69632f757365725f6d616e6167656d656e742f696e646578223b757365725f69647c733a313a2231223b617574685f637573746f6d7c733a353a2261646d696e223b757365725f746f6b656e7c733a34303a2234363065313463653364363562363937313765356134366462623336356662326232363264646661223b6964656e746974797c733a353a2261646d696e223b726f6c655f69647c733a313a2231223b6c6f676765645f696e7c623a313b70726576696f75735f706167657c733a35303a22687474703a2f2f6c6f63616c686f73742f636861692f7075626c69632f757365725f6d616e6167656d656e742f696e646578223b6c616e67756167657c733a373a22656e676c697368223b6d6573736167657c733a303a22223b5f5f63695f766172737c613a313a7b733a373a226d657373616765223b733a333a226e6577223b7d),
('182e2397630faa433bfb9f88ace5b3033f9c31e3', '::1', 1557799326, 0x5f5f63695f6c6173745f726567656e65726174657c693a313535373739393233323b7265717565737465645f706167657c733a36323a22687474703a2f2f6c6f63616c686f73742f636861692f7075626c69632f757365725f6d616e6167656d656e742f66696c7465725f616c6c6f636174696f6e223b757365725f69647c733a313a2231223b617574685f637573746f6d7c733a353a2261646d696e223b757365725f746f6b656e7c733a34303a2234363065313463653364363562363937313765356134366462623336356662326232363264646661223b6964656e746974797c733a353a2261646d696e223b726f6c655f69647c733a313a2231223b6c6f676765645f696e7c623a313b70726576696f75735f706167657c733a36323a22687474703a2f2f6c6f63616c686f73742f636861692f7075626c69632f757365725f6d616e6167656d656e742f66696c7465725f616c6c6f636174696f6e223b6c616e67756167657c733a373a22656e676c697368223b),
('3034207ac4ea62a12604fde85657a009ce1b65d4', '::1', 1557799164, 0x5f5f63695f6c6173745f726567656e65726174657c693a313535373739383931383b7265717565737465645f706167657c733a36323a22687474703a2f2f6c6f63616c686f73742f636861692f7075626c69632f757365725f6d616e6167656d656e742f66696c7465725f616c6c6f636174696f6e223b757365725f69647c733a313a2231223b617574685f637573746f6d7c733a353a2261646d696e223b757365725f746f6b656e7c733a34303a2234363065313463653364363562363937313765356134366462623336356662326232363264646661223b6964656e746974797c733a353a2261646d696e223b726f6c655f69647c733a313a2231223b6c6f676765645f696e7c623a313b70726576696f75735f706167657c733a36323a22687474703a2f2f6c6f63616c686f73742f636861692f7075626c69632f757365725f6d616e6167656d656e742f66696c7465725f616c6c6f636174696f6e223b6c616e67756167657c733a373a22656e676c697368223b),
('06184bf85059701c0f5bcf9e9d5287cfab40efb3', '::1', 1557797440, 0x5f5f63695f6c6173745f726567656e65726174657c693a313535373739373138383b7265717565737465645f706167657c733a34343a22687474703a2f2f6c6f63616c686f73742f636861692f7075626c69632f757365725f6d616e6167656d656e74223b757365725f69647c733a313a2231223b617574685f637573746f6d7c733a353a2261646d696e223b757365725f746f6b656e7c733a34303a2234363065313463653364363562363937313765356134366462623336356662326232363264646661223b6964656e746974797c733a353a2261646d696e223b726f6c655f69647c733a313a2231223b6c6f676765645f696e7c623a313b70726576696f75735f706167657c733a34343a22687474703a2f2f6c6f63616c686f73742f636861692f7075626c69632f757365725f6d616e6167656d656e74223b6c616e67756167657c733a373a22656e676c697368223b6d6573736167657c733a303a22223b5f5f63695f766172737c613a313a7b733a373a226d657373616765223b733a333a226f6c64223b7d),
('f6b0690df264dafc359190ff1b674900a58748ed', '::1', 1557796568, 0x5f5f63695f6c6173745f726567656e65726174657c693a313535373739363531303b7265717565737465645f706167657c733a33393a22687474703a2f2f6c6f63616c686f73742f636861692f7075626c69632f666163696c6974696573223b757365725f69647c733a313a2231223b617574685f637573746f6d7c733a353a2261646d696e223b757365725f746f6b656e7c733a34303a2234363065313463653364363562363937313765356134366462623336356662326232363264646661223b6964656e746974797c733a353a2261646d696e223b726f6c655f69647c733a313a2231223b6c6f676765645f696e7c623a313b70726576696f75735f706167657c733a33393a22687474703a2f2f6c6f63616c686f73742f636861692f7075626c69632f666163696c6974696573223b6c616e67756167657c733a373a22656e676c697368223b),
('2b7454f74f02aef3a933eafa1fe298e31fd5f327', '::1', 1557796386, 0x5f5f63695f6c6173745f726567656e65726174657c693a313535373739363133353b7265717565737465645f706167657c733a35363a22687474703a2f2f6c6f63616c686f73742f636861692f7075626c69632f666163696c69746965732f64697361626c655f666163696c697479223b757365725f69647c733a313a2231223b617574685f637573746f6d7c733a353a2261646d696e223b757365725f746f6b656e7c733a34303a2234363065313463653364363562363937313765356134366462623336356662326232363264646661223b6964656e746974797c733a353a2261646d696e223b726f6c655f69647c733a313a2231223b6c6f676765645f696e7c623a313b70726576696f75735f706167657c733a35363a22687474703a2f2f6c6f63616c686f73742f636861692f7075626c69632f666163696c69746965732f64697361626c655f666163696c697479223b6c616e67756167657c733a373a22656e676c697368223b),
('1c0ad5106746df97c241d81c6bf1ed119c56d12c', '::1', 1557796030, 0x5f5f63695f6c6173745f726567656e65726174657c693a313535373739353738313b7265717565737465645f706167657c733a34353a22687474703a2f2f6c6f63616c686f73742f636861692f7075626c69632f666163696c69746965732f696e646578223b757365725f69647c733a313a2231223b617574685f637573746f6d7c733a353a2261646d696e223b757365725f746f6b656e7c733a34303a2234363065313463653364363562363937313765356134366462623336356662326232363264646661223b6964656e746974797c733a353a2261646d696e223b726f6c655f69647c733a313a2231223b6c6f676765645f696e7c623a313b70726576696f75735f706167657c733a34353a22687474703a2f2f6c6f63616c686f73742f636861692f7075626c69632f666163696c69746965732f696e646578223b6c616e67756167657c733a373a22656e676c697368223b6d6573736167657c733a303a22223b5f5f63695f766172737c613a313a7b733a373a226d657373616765223b733a333a226f6c64223b7d),
('2ab50b2ad14996764e77abf99e627563f327c040', '::1', 1557795493, 0x5f5f63695f6c6173745f726567656e65726174657c693a313535373739353437343b7265717565737465645f706167657c733a33393a22687474703a2f2f6c6f63616c686f73742f636861692f7075626c69632f666163696c6974696573223b757365725f69647c733a313a2231223b617574685f637573746f6d7c733a353a2261646d696e223b757365725f746f6b656e7c733a34303a2234363065313463653364363562363937313765356134366462623336356662326232363264646661223b6964656e746974797c733a353a2261646d696e223b726f6c655f69647c733a313a2231223b6c6f676765645f696e7c623a313b70726576696f75735f706167657c733a33393a22687474703a2f2f6c6f63616c686f73742f636861692f7075626c69632f666163696c6974696573223b6c616e67756167657c733a373a22656e676c697368223b),
('670342e363761c64c9b31dd1ac96b73c54e20f18', '::1', 1557795195, 0x5f5f63695f6c6173745f726567656e65726174657c693a313535373739353035303b7265717565737465645f706167657c733a33393a22687474703a2f2f6c6f63616c686f73742f636861692f7075626c69632f666163696c6974696573223b757365725f69647c733a313a2231223b617574685f637573746f6d7c733a353a2261646d696e223b757365725f746f6b656e7c733a34303a2234363065313463653364363562363937313765356134366462623336356662326232363264646661223b6964656e746974797c733a353a2261646d696e223b726f6c655f69647c733a313a2231223b6c6f676765645f696e7c623a313b70726576696f75735f706167657c733a33393a22687474703a2f2f6c6f63616c686f73742f636861692f7075626c69632f666163696c6974696573223b6c616e67756167657c733a373a22656e676c697368223b6d6573736167657c733a303a22223b5f5f63695f766172737c613a313a7b733a373a226d657373616765223b733a333a226f6c64223b7d),
('b08ef9dd764585e1cd3937c1266ce9f4561ddffe', '::1', 1557787845, 0x5f5f63695f6c6173745f726567656e65726174657c693a313535373738373536353b757365725f69647c733a313a2231223b617574685f637573746f6d7c733a353a2261646d696e223b757365725f746f6b656e7c733a34303a2234363065313463653364363562363937313765356134366462623336356662326232363264646661223b6964656e746974797c733a353a2261646d696e223b726f6c655f69647c733a313a2231223b6c6f676765645f696e7c623a313b7265717565737465645f706167657c733a32393a22687474703a2f2f6c6f63616c686f73742f636861692f7075626c69632f223b70726576696f75735f706167657c733a32393a22687474703a2f2f6c6f63616c686f73742f636861692f7075626c69632f223b6c616e67756167657c733a373a22656e676c697368223b),
('082be2898bd978a974282809f40da05279caedb7', '::1', 1557792531, 0x5f5f63695f6c6173745f726567656e65726174657c693a313535373739323437333b757365725f69647c733a313a2231223b617574685f637573746f6d7c733a353a2261646d696e223b757365725f746f6b656e7c733a34303a2234363065313463653364363562363937313765356134366462623336356662326232363264646661223b6964656e746974797c733a353a2261646d696e223b726f6c655f69647c733a313a2231223b6c6f676765645f696e7c623a313b7265717565737465645f706167657c733a33393a22687474703a2f2f6c6f63616c686f73742f636861692f7075626c69632f666163696c6974696573223b70726576696f75735f706167657c733a35353a22687474703a2f2f6c6f63616c686f73742f636861692f7075626c69632f61646d696e2f646576656c6f7065722f6d6967726174696f6e73223b6c616e67756167657c733a373a22656e676c697368223b6d6573736167657c733a303a22223b5f5f63695f766172737c613a313a7b733a373a226d657373616765223b733a333a226f6c64223b7d),
('537edf0548bc16368fc0942a4deefd9a5b6517d7', '::1', 1557793126, 0x5f5f63695f6c6173745f726567656e65726174657c693a313535373739323932393b7265717565737465645f706167657c733a33393a22687474703a2f2f6c6f63616c686f73742f636861692f7075626c69632f666163696c6974696573223b757365725f69647c733a313a2231223b617574685f637573746f6d7c733a353a2261646d696e223b757365725f746f6b656e7c733a34303a2234363065313463653364363562363937313765356134366462623336356662326232363264646661223b6964656e746974797c733a353a2261646d696e223b726f6c655f69647c733a313a2231223b6c6f676765645f696e7c623a313b70726576696f75735f706167657c733a33393a22687474703a2f2f6c6f63616c686f73742f636861692f7075626c69632f666163696c6974696573223b6c616e67756167657c733a373a22656e676c697368223b),
('11878a67d008a12118788079ddc7fed9c2a35f8c', '::1', 1557793546, 0x5f5f63695f6c6173745f726567656e65726174657c693a313535373739333237333b7265717565737465645f706167657c733a33393a22687474703a2f2f6c6f63616c686f73742f636861692f7075626c69632f666163696c6974696573223b757365725f69647c733a313a2231223b617574685f637573746f6d7c733a353a2261646d696e223b757365725f746f6b656e7c733a34303a2234363065313463653364363562363937313765356134366462623336356662326232363264646661223b6964656e746974797c733a353a2261646d696e223b726f6c655f69647c733a313a2231223b6c6f676765645f696e7c623a313b70726576696f75735f706167657c733a33393a22687474703a2f2f6c6f63616c686f73742f636861692f7075626c69632f666163696c6974696573223b6c616e67756167657c733a373a22656e676c697368223b),
('c70f5e5a55d89387a7ebe5b1b2febf1cf1813ff8', '::1', 1557793811, 0x5f5f63695f6c6173745f726567656e65726174657c693a313535373739333630313b7265717565737465645f706167657c733a32393a22687474703a2f2f6c6f63616c686f73742f636861692f7075626c69632f223b757365725f69647c733a313a2231223b617574685f637573746f6d7c733a353a2261646d696e223b757365725f746f6b656e7c733a34303a2234363065313463653364363562363937313765356134366462623336356662326232363264646661223b6964656e746974797c733a353a2261646d696e223b726f6c655f69647c733a313a2231223b6c6f676765645f696e7c623a313b70726576696f75735f706167657c733a32393a22687474703a2f2f6c6f63616c686f73742f636861692f7075626c69632f223b6c616e67756167657c733a373a22656e676c697368223b),
('282e0ded0ea3ea3fc0f7b0328322744993d434f9', '::1', 1557794238, 0x5f5f63695f6c6173745f726567656e65726174657c693a313535373739333936363b7265717565737465645f706167657c733a33393a22687474703a2f2f6c6f63616c686f73742f636861692f7075626c69632f666163696c6974696573223b757365725f69647c733a313a2231223b617574685f637573746f6d7c733a353a2261646d696e223b757365725f746f6b656e7c733a34303a2234363065313463653364363562363937313765356134366462623336356662326232363264646661223b6964656e746974797c733a353a2261646d696e223b726f6c655f69647c733a313a2231223b6c6f676765645f696e7c623a313b70726576696f75735f706167657c733a33393a22687474703a2f2f6c6f63616c686f73742f636861692f7075626c69632f666163696c6974696573223b6c616e67756167657c733a373a22656e676c697368223b);

-- --------------------------------------------------------

--
-- Table structure for table `bf_constituencies`
--

DROP TABLE IF EXISTS `bf_constituencies`;
CREATE TABLE IF NOT EXISTS `bf_constituencies` (
  `id` int(11) NOT NULL AUTO_INCREMENT,
  `constituency` varchar(50) NOT NULL,
  `countyid_fk` int(11) NOT NULL,
  PRIMARY KEY (`id`)
) ENGINE=InnoDB AUTO_INCREMENT=291 DEFAULT CHARSET=latin1;

--
-- Dumping data for table `bf_constituencies`
--

INSERT INTO `bf_constituencies` (`id`, `constituency`, `countyid_fk`) VALUES
(1, 'CHANGAMWE', 2),
(2, 'JOMVU', 2),
(3, 'KISAUNI', 2),
(4, 'NYALI', 2),
(5, 'LIKONI', 2),
(6, 'MVITA', 2),
(7, 'MSAMBWENI', 3),
(8, 'LUNGA LUNGA', 3),
(9, 'MATUGA', 3),
(10, 'KINAGO', 3),
(11, 'KILIFI NORTH', 4),
(12, 'KILIFI SOUTH', 4),
(13, 'KALOLENI', 4),
(14, 'RABAI', 4),
(15, 'GANZE', 4),
(16, 'MALINDI', 4),
(17, 'MAGARINI', 4),
(18, 'GARSEN', 5),
(19, 'GALOLE', 5),
(20, 'BURA', 5),
(21, 'LAMU EAST', 6),
(22, 'LAMU WEST', 6),
(23, 'TAVETA', 7),
(24, 'WUNDANYI', 7),
(25, 'MWATATE', 7),
(26, 'VOI', 7),
(27, 'GARISSA TOWNSHIP', 8),
(28, 'BALAMBALA', 8),
(29, 'LAGDERA', 8),
(30, 'DADAAB', 8),
(31, 'FAFI', 8),
(32, 'IJARA', 8),
(33, 'WAJIR NORTH', 9),
(34, 'WAJIR EAST', 9),
(35, 'TARBAJ', 9),
(36, 'WAJIR WEST', 9),
(37, 'ELDAS', 9),
(38, 'WAJIR SOUTH', 9),
(39, 'MANDERA WEST', 10),
(40, 'BANISSA', 10),
(41, 'MANDERA NORTH', 10),
(42, 'MANDERA SOUTH', 10),
(43, 'MANDERA EAST', 10),
(44, 'LAFEY', 10),
(45, 'MOYALE', 11),
(46, 'NORTH HORR', 11),
(47, 'SAKU', 11),
(48, 'LAISAMIS', 11),
(49, 'ISIOLO NORTH', 12),
(50, 'ISIOLO SOUTH', 12),
(51, 'IGEMBE SOUTH', 13),
(52, 'IGEMBE CENTRAL', 13),
(53, 'IGEMBE NORTH', 13),
(54, 'TIGANIA WEST', 13),
(55, 'TIGANIA EAST', 13),
(56, 'NORTH IMENTI', 13),
(57, 'BUURI', 13),
(58, 'CENTRAL IMENTI', 13),
(59, 'SOUTH IMENTI', 13),
(60, 'MAARA', 14),
(61, 'CHUKA/IGAMBANG\'OMBE', 14),
(62, 'THARAKA', 14),
(63, 'MANYATTA', 15),
(64, 'RUNYENJES', 15),
(65, 'MBEERE SOUTH', 15),
(66, 'MBEERE NORTH', 15),
(67, 'MWINGI NORTH', 16),
(68, 'MWINGI WEST', 16),
(69, 'MWINGI CENTRAL', 16),
(70, 'KITUI WEST', 16),
(71, 'KITUI RURAL', 16),
(72, 'KITUI CENTRAL', 16),
(73, 'KITUI EAST', 16),
(74, 'KITUI SOUTH', 16),
(75, 'MASINGA', 17),
(76, 'YATTA', 17),
(77, 'KANGUNDO', 17),
(78, 'MATUNGULU', 17),
(79, 'KATHIANI', 17),
(80, 'MAVOKO', 17),
(81, 'MACHAKOS TOWN', 17),
(82, 'MWALA', 17),
(83, 'MBOONI', 18),
(84, 'KILOME', 18),
(85, 'KAITI', 18),
(86, 'MAKUENI', 18),
(87, 'KIBWEZI WEST', 18),
(88, 'KIBWEZI EAST', 18),
(89, 'KINANGOP', 19),
(90, 'KIPIPIRI', 19),
(91, 'OL KALOU', 19),
(92, 'OL JORO OROK', 19),
(93, 'NDARAGWA', 19),
(94, 'TETU', 20),
(95, 'KIENI', 20),
(96, 'MATHIRA', 20),
(97, 'OTHAYA', 20),
(98, 'MUKURWENI', 20),
(99, 'NYERI TOWN', 20),
(100, 'MWEA', 21),
(101, 'GICHUGU', 21),
(102, 'NDIA', 21),
(103, 'KIRINYAGA CENTRAL', 21),
(104, 'KANGEMA', 22),
(105, 'MATHIOYA', 22),
(106, 'KIHARU', 22),
(107, 'KIGUMO', 22),
(108, 'MARAGWA', 22),
(109, 'KANDARA', 22),
(110, 'GATANGA', 22),
(111, 'GATUNDU SOUTH', 23),
(112, 'GATUNDU NORTH', 23),
(113, 'JUJA', 23),
(114, 'THIKA TOWN', 23),
(115, 'RUIRU', 23),
(116, 'GITHUNGURI', 23),
(117, 'KIAMBU', 23),
(118, 'KIAMBAA', 23),
(119, 'KABETE', 23),
(120, 'KIKUYU', 23),
(121, 'LIMURU', 23),
(122, 'LARI', 23),
(123, 'TURKANA NORTH', 24),
(124, 'TURKANA WEST', 24),
(125, 'TURKANA CENTRAL', 24),
(126, 'LOIMA', 24),
(127, 'TURKANA SOUTH', 24),
(128, 'TURKANA EAST', 24),
(129, 'KAPENGURIA', 25),
(130, 'SIGOR', 25),
(131, 'KACHELIBA', 25),
(132, 'POKOT SOUTH', 25),
(133, 'SAMBURU WEST', 26),
(134, 'SAMBURU NORTH', 26),
(135, 'SAMBURU EAST', 26),
(136, 'KWANZA', 27),
(137, 'ENDEBESS', 27),
(138, 'SABOTI', 27),
(139, 'KIMININI', 27),
(140, 'CHERANGANY', 27),
(141, 'SOY', 28),
(142, 'TURBO', 28),
(143, 'MOIBEN', 28),
(144, 'AINABKOI', 28),
(145, 'KAPSERET', 28),
(146, 'KESSES', 28),
(147, 'MARAKWET EAST', 29),
(148, 'MARAKWET WEST', 29),
(149, 'KEIYO NORTH', 29),
(150, 'KEIYO SOUTH', 29),
(151, 'TINDERET', 30),
(152, 'ALDAI', 30),
(153, 'NANDI HILLS', 30),
(154, 'CHESUMEI', 30),
(155, 'EMGWEN', 30),
(156, 'MOSOP', 30),
(157, 'TIATY', 31),
(158, 'BARINGO NORTH', 31),
(159, 'BARINGO CENTRAL', 31),
(160, 'BARINGO SOUTH', 31),
(161, 'MOGOTIO', 31),
(162, 'ELDAMA RAVINE', 31),
(163, 'LAIKIPIA WEST', 32),
(164, 'LAIKIPIA EAST', 32),
(165, 'LAIKIPIA NORTH', 32),
(166, 'MOLO', 33),
(167, 'NJORO', 33),
(168, 'NAIVASHA', 33),
(169, 'GILGIL', 33),
(170, 'KURESOI SOUTH', 33),
(171, 'KURESOI NORTH', 33),
(172, 'SUBUKIA', 33),
(173, 'RONGAI', 33),
(174, 'BAHATI', 33),
(175, 'NAKURU TOWN WEST', 33),
(176, 'NAKURU TOWN EAST', 33),
(177, 'KILGORIS', 34),
(178, 'EMURUA DIKIRR', 34),
(179, 'NAROK NORTH', 34),
(180, 'NAROK EAST', 34),
(181, 'NAROK SOUTH', 34),
(182, 'NAROK WEST', 34),
(183, 'KAJIADO NORTH', 35),
(184, 'KAJIADO CENTRAL', 35),
(185, 'KAJIADO EAST', 35),
(186, 'KAJIADO WEST', 35),
(187, 'KAJIADO SOUTH', 35),
(188, 'KIPKELION EAST', 36),
(189, 'KIPKELION WEST', 36),
(190, 'AINAMOI', 36),
(191, 'BURETI', 36),
(192, 'BELGUT', 36),
(193, 'SIGOWET/SOIN', 36),
(194, 'SOTIK', 37),
(195, 'CHEPALUNGU', 37),
(196, 'BOMET EAST', 37),
(197, 'BOMET CENTRAL', 37),
(198, 'KONOIN', 37),
(199, 'LUGARI', 38),
(200, 'LIKUYANI', 38),
(201, 'MALAVA', 38),
(202, 'LURAMBI', 38),
(203, 'NAVAKHOLO', 38),
(204, 'MUMIAS WEST', 38),
(205, 'MUMIAS EAST', 38),
(206, 'MATUNGU', 38),
(207, 'BUTERE', 38),
(208, 'KHWISERO', 38),
(209, 'SHINYALU', 38),
(210, 'IKOLOMANI', 38),
(211, 'VIHIGA', 39),
(212, 'SABATIA', 39),
(213, 'HAMISI', 39),
(214, 'LUANDA', 39),
(215, 'EMUHAYA', 39),
(216, 'MT. ELGON', 40),
(217, 'SIRISIA', 40),
(218, 'KABUCHAI', 40),
(219, 'BUMULA', 40),
(220, 'KANDUYI', 40),
(221, 'WEBUYE EAST', 40),
(222, 'WEBUYE WEST', 40),
(223, 'KIMILILI', 40),
(224, 'TONGAREN', 40),
(225, 'TESO NORTH', 41),
(226, 'TESO SOUTH', 41),
(227, 'NAMBALE', 41),
(228, 'MATAYOS', 41),
(229, 'BUTULA', 41),
(230, 'FUNYULA', 41),
(231, 'BUDALANGI', 41),
(232, 'UGENYA', 42),
(233, 'UGUNJA', 42),
(234, 'ALEGO USONGA', 42),
(235, 'GEM', 42),
(236, 'BONDO', 42),
(237, 'RARIEDA', 42),
(238, 'KISUMU EAST', 43),
(239, 'KISUMU WEST', 43),
(240, 'KISUMU CENTRAL', 43),
(241, 'SEME', 43),
(242, 'NYANDO', 43),
(243, 'MUHORONI', 43),
(244, 'NYAKACH', 43),
(245, 'KASIPUL', 44),
(246, 'KABONDO KASIPUL', 44),
(247, 'KARACHUONYO', 44),
(248, 'RANGWE', 44),
(249, 'HOMA BAY TOWN', 44),
(250, 'NDHIWA', 44),
(251, 'SUBA NORTH', 44),
(252, 'SUBA SOUTH', 44),
(253, 'RONGO', 45),
(254, 'AWENDO', 45),
(255, 'SUNA EAST', 45),
(256, 'SUNA WEST', 45),
(257, 'URIRI', 45),
(258, 'NYATIKE', 45),
(259, 'KURIA WEST', 45),
(260, 'KURIA EAST', 45),
(261, 'BONCHARI', 46),
(262, 'SOUTH MUGIRANGO', 46),
(263, 'BOMACHOGE BORABU', 46),
(264, 'BOBASI', 46),
(265, 'BOMACHOGE CHACHE', 46),
(266, 'NYARIBARI MASABA', 46),
(267, 'NYARIBARI CHACHE', 46),
(268, 'KITUTU CHACHE NORTH', 46),
(269, 'KITUTU CHACHE SOUTH', 46),
(270, 'KITUTU MASABA', 47),
(271, 'WEST MUGIRANGO', 47),
(272, 'NORTH MUGIRANGO', 47),
(273, 'BORABU', 47),
(274, 'WESTLANDS', 48),
(275, 'DAGORETTI NORTH', 48),
(276, 'DAGORETTI SOUTH', 48),
(277, 'LANGATA', 48),
(278, 'KIBRA', 48),
(279, 'ROYSAMBU', 48),
(280, 'KASARANI', 48),
(281, 'RUARAKA', 48),
(282, 'EMBAKASI SOUTH', 48),
(283, 'EMBAKASI NORTH', 48),
(284, 'EMBAKASI CENTRAL', 48),
(285, 'EMBAKASI EAST', 48),
(286, 'EMBAKASI WEST', 48),
(287, 'MAKADARA', 48),
(288, 'KAMUKUNJI', 48),
(289, 'STAREHE', 48),
(290, 'MATHARE', 48);

-- --------------------------------------------------------

--
-- Table structure for table `bf_counties`
--

DROP TABLE IF EXISTS `bf_counties`;
CREATE TABLE IF NOT EXISTS `bf_counties` (
  `county_id` bigint(20) NOT NULL AUTO_INCREMENT,
  `county_name` varchar(50) NOT NULL,
  `province` varchar(50) NOT NULL,
  `countryiso_fk` varchar(4) DEFAULT 'KE',
  PRIMARY KEY (`county_id`)
) ENGINE=InnoDB AUTO_INCREMENT=49 DEFAULT CHARSET=latin1;

--
-- Dumping data for table `bf_counties`
--

INSERT INTO `bf_counties` (`county_id`, `county_name`, `province`, `countryiso_fk`) VALUES
(2, 'MOMBASA', 'COAST', 'KE'),
(3, 'KWALE', 'COAST', 'KE'),
(4, 'KILIFI', 'COAST', 'KE'),
(5, 'TANA RIVER', 'COAST', 'KE'),
(6, 'LAMU', 'COAST', 'KE'),
(7, 'TAITA-TAVETA', 'COAST', 'KE'),
(8, 'GARISSA', 'NORTH EASTERN', 'KE'),
(9, 'WAJIR', 'NORTH EASTERN', 'KE'),
(10, 'MANDERA', 'NORTH EASTERN', 'KE'),
(11, 'MARSABET', 'EASTERN', 'KE'),
(12, 'ISIOLO', 'EASTERN', 'KE'),
(13, 'MERU', 'EASTERN', 'KE'),
(14, 'THARAKA-NITHI', 'EASTERN', 'KE'),
(15, 'EMBU', 'EASTERN', 'KE'),
(16, 'KITUI', 'EASTERN', 'KE'),
(17, 'MACHAKOS', 'EASTERN', 'KE'),
(18, 'MAKUENI', 'EASTERN', 'KE'),
(19, 'NYANDARUA', 'CENTRAL', 'KE'),
(20, 'NYERI', 'CENTRAL', 'KE'),
(21, 'KIRINYAGA', 'CENTRAL', 'KE'),
(22, 'MURANGA', 'CENTRAL', 'KE'),
(23, 'KIAMBU', 'CENTRAL', 'KE'),
(24, 'TURKANA', 'RIFT VALLEY', 'KE'),
(25, 'WEST POKOT', 'RIFT VALLEY', 'KE'),
(26, 'SAMBURU', 'RIFT VALLEY', 'KE'),
(27, 'TRANS NZOIA', 'RIFT VALLEY', 'KE'),
(28, 'UASIN GISHU', 'RIFT VALLEY', 'KE'),
(29, 'ELGEYO MARAKWET', 'RIFT VALLEY', 'KE'),
(30, 'NANDI', 'RIFT VALLEY', 'KE'),
(31, 'BARINGO', 'RIFT VALLEY', 'KE'),
(32, 'LAIKIPIA', 'RIFT VALLEY', 'KE'),
(33, 'NAKURU', 'RIFT VALLEY', 'KE'),
(34, 'NAROK', 'RIFT VALLEY', 'KE'),
(35, 'KAJIADO', 'RIFT VALLEY', 'KE'),
(36, 'KERICHO', 'RIFT VALLEY', 'KE'),
(37, 'BOMET', 'RIFT VALLEY', 'KE'),
(38, 'KAKAMEGA', 'WESTERN', 'KE'),
(39, 'VIHIGA', 'WESTERN', 'KE'),
(40, 'BUNGOMA', 'WESTERN', 'KE'),
(41, 'BUSIA', 'WESTERN', 'KE'),
(42, 'SIAYA', 'NYANZA', 'KE'),
(43, 'KISUMU', 'NYANZA', 'KE'),
(44, 'HOMA BAY', 'NYANZA', 'KE'),
(45, 'MIGORI', 'NYANZA', 'KE'),
(46, 'KISII', 'NYANZA', 'KE'),
(47, 'NYAMIRA', 'NYANZA', 'KE'),
(48, 'NAIROBI', 'NAIROBI', 'KE');

-- --------------------------------------------------------

--
-- Table structure for table `bf_county_wards`
--

DROP TABLE IF EXISTS `bf_county_wards`;
CREATE TABLE IF NOT EXISTS `bf_county_wards` (
  `county_ward_id` bigint(50) NOT NULL AUTO_INCREMENT,
  `ward_name` varchar(50) NOT NULL,
  `constituencyid_fk` int(11) NOT NULL,
  PRIMARY KEY (`county_ward_id`)
) ENGINE=InnoDB AUTO_INCREMENT=1452 DEFAULT CHARSET=latin1;

--
-- Dumping data for table `bf_county_wards`
--

INSERT INTO `bf_county_wards` (`county_ward_id`, `ward_name`, `constituencyid_fk`) VALUES
(2, 'PORT REITZ', 1),
(3, 'KIPEVU', 1),
(4, 'AIRPORT', 1),
(5, 'CHANGAMWE', 1),
(6, 'CHAANI', 1),
(7, 'JOMVU KUU', 2),
(8, 'MIRITINI', 2),
(9, 'MIKINDANI', 2),
(10, 'MJAMBERE', 3),
(11, 'JUNDA', 3),
(12, 'BAMBURI', 3),
(13, 'MWAKIRUNGE', 3),
(14, 'MTOPANGA', 3),
(15, 'MAGOGONI', 3),
(16, 'SHANZU', 3),
(17, 'FRERE TOWN', 4),
(18, 'ZIWA LA NG\'OMBE', 4),
(19, 'MKOMANI', 4),
(20, 'KONGOWEA', 4),
(21, 'KADZANDANI', 4),
(22, 'MTONGWE', 5),
(23, 'SHIKA ADABU', 5),
(24, 'BOFU', 5),
(25, 'LIKONI', 5),
(26, 'TIMBWANI', 5),
(27, 'MJI WA KALE/MAKADARA', 6),
(28, 'TUDOR', 6),
(29, 'TONONOKA', 6),
(30, 'SHIMANZI/GANJONI', 6),
(31, 'MAJENGO', 6),
(32, 'GAMBATO BONGWE', 7),
(33, 'UKUNDA', 7),
(34, 'KINONDO', 7),
(35, 'RAMISI', 7),
(36, 'PONGWE/KIKOKENI', 8),
(37, 'DZOMBO', 8),
(38, 'MWERENI', 8),
(39, 'VANGA', 8),
(40, 'TSIMBA GOLINI', 9),
(41, 'WAA', 9),
(42, 'TIWI', 9),
(43, 'KUBO SOUTH', 9),
(44, 'MKONGANI', 9),
(45, 'NDAVAYA', 10),
(46, 'PUMA', 10),
(47, 'KINANGO', 10),
(48, 'MACKINON ROAD', 10),
(49, 'CHENGONI/SAMBURU', 10),
(50, 'MWAVUMBO', 10),
(51, 'KASEMENI', 10),
(52, 'TEZO', 11),
(53, 'SOKONI', 11),
(54, 'KIBARANI', 11),
(55, 'DABASO', 11),
(56, 'MATSANGONI', 11),
(57, 'WATAMU', 11),
(58, 'MNARANI', 11),
(59, 'JUNJU', 12),
(60, 'MWARAKAYA', 12),
(61, 'SHIMO LA TEWA', 12),
(62, 'CHASIMBA', 12),
(63, 'MTEPENI', 12),
(64, 'MARIAKANI', 13),
(65, 'KAYAFUNGO', 13),
(66, 'KALOLENI', 13),
(67, 'MWANAMWINGA', 13),
(68, 'MWAWESA', 14),
(69, 'RURUMA', 14),
(70, 'KAMBE/RIBE', 14),
(71, 'RABAI/KISURUTINI', 14),
(72, 'GANZE', 15),
(73, 'BAMBA', 15),
(74, 'JARIBUNI', 15),
(75, 'SOKOKE', 15),
(76, 'JILORE', 16),
(77, 'KAKUYUNI', 16),
(78, 'GANDA', 16),
(79, 'MALINDI TOWN', 16),
(80, 'SHELLA', 16),
(81, 'MARAFA', 17),
(82, 'MAGARINI', 17),
(83, 'GONGONI', 17),
(84, 'ADU', 17),
(85, 'GARASHI', 17),
(86, 'SABAKI', 17),
(87, 'KIPINI EAST', 18),
(88, 'GARSEN SOUTH', 18),
(89, 'KIPINI WEST', 18),
(90, 'GARSEN CENTRAL', 18),
(91, 'GARSEN WEST', 18),
(92, 'GARSEN NORTH', 18),
(93, 'KINAKOMBA', 19),
(94, 'MIKINDUNI', 19),
(95, 'CHEWANI', 19),
(96, 'WAYU', 19),
(97, 'CHEWELE', 20),
(98, 'HIRIMANI', 20),
(99, 'BANGALE', 20),
(100, 'SALA', 20),
(101, 'MADOGO', 20),
(102, 'FAZA', 21),
(103, 'KIUNGA', 21),
(104, 'BASUBA', 21),
(105, 'SHELLA', 22),
(106, 'MKOMANI', 22),
(107, 'HINDI', 22),
(108, 'MKUNUMBI', 22),
(109, 'HONGWE', 22),
(110, 'WITU', 22),
(111, 'BAHARI', 22),
(112, 'CHALA', 23),
(113, 'MAHOO', 23),
(114, 'BOMANI', 23),
(115, 'MBOGHONI', 23),
(116, 'MATA', 23),
(117, 'WUNDANYI/MBALE', 24),
(118, 'WERUGHA', 24),
(119, 'WUMINGU/KISHUSHE', 24),
(120, 'MWANDA/MGANGE', 24),
(121, 'RONGE', 25),
(122, 'MWATATE', 25),
(123, 'BURA', 25),
(124, 'CHAWIA', 25),
(125, 'WUSI/KISHAMBA', 25),
(126, 'MBOLOLO', 26),
(127, 'SAGALA', 26),
(128, 'KALOLENI', 26),
(129, 'MARUNGU', 26),
(130, 'KASIGAU', 26),
(131, 'NGOLIA', 26),
(132, 'WABERI', 27),
(133, 'GALBET', 27),
(134, 'TOWNSHIP', 27),
(135, 'IFTIN', 27),
(136, 'BALAMBALA', 28),
(137, 'DANYERE', 28),
(138, 'JARAJARA', 28),
(139, 'SAKA', 28),
(140, 'SANKURI', 28),
(141, 'MODOGASHE', 29),
(142, 'BENANE', 29),
(143, 'GOREALE', 29),
(144, 'MAALAMIN', 29),
(145, 'SABENA', 29),
(146, 'BARAKI', 29),
(147, 'DERTU', 30),
(148, 'DADAAB', 30),
(149, 'LABISGALE', 30),
(150, 'DAMAJALE', 30),
(151, 'LIBOI', 30),
(152, 'ABAKAILE', 30),
(153, 'BURA', 31),
(154, 'DEKAHARIA', 31),
(155, 'JARAJILA', 31),
(156, 'FAFI', 31),
(157, 'NANIGHI', 31),
(158, 'HULUGHO', 32),
(159, 'SANGAILU', 32),
(160, 'IJARA', 32),
(161, 'MASALANI', 32),
(162, 'GURAR', 33),
(163, 'BUTE', 33),
(164, 'KORONDILE', 33),
(165, 'MALKAGUFU', 33),
(166, 'BATALU', 33),
(167, 'DANABA', 33),
(168, 'GODOMA', 33),
(169, 'WAGBERI', 34),
(170, 'TOWNSHIP', 34),
(171, 'BARWAGO', 34),
(172, 'KHOROF/HARAR', 34),
(173, 'ELBEN', 35),
(174, 'SARMAN', 35),
(175, 'TARBAJ', 35),
(176, 'WARGADUD', 35),
(177, 'ARBAJAHAN', 36),
(178, 'HADADO/ATHIBOHOL', 36),
(179, 'ADEMASAJIDE', 36),
(180, 'GANYURE/WAGALLA', 36),
(181, 'ELDAS', 37),
(182, 'DELLA', 37),
(183, 'LAKOLEY SOUTH/BASIR', 37),
(184, 'ELNUR/TULA TULA', 37),
(185, 'BENANE', 38),
(186, 'BURDER', 38),
(187, 'DADAJA BULLA', 38),
(188, 'HABASSWEIN', 38),
(189, 'LAGBOGHOI SOUTH', 38),
(190, 'IBRAHIM URE', 38),
(191, 'DIIF', 38),
(192, 'TAKABA SOUTH', 39),
(193, 'TAKABA', 39),
(194, 'LAGSURE', 39),
(195, 'DANDU', 39),
(196, 'GITHER', 39),
(197, 'BANISSA', 40),
(198, 'DERKHALE', 40),
(199, 'GUBA', 40),
(200, 'MALKAMARI', 40),
(201, 'KILWEHIRI', 40),
(202, 'ASHABITO', 41),
(203, 'GUTICHA', 41),
(204, 'MAROTHILE', 41),
(205, 'RHAMU', 41),
(206, 'RHAMU DIMTU', 41),
(207, 'WARGADUD', 42),
(208, 'KUTULO', 42),
(209, 'ELWAK SOUTH', 42),
(210, 'ELWAK NORTH', 42),
(211, 'SHIMBIR FATUMA', 42),
(212, 'ARABIA', 43),
(213, 'BULLA MPYA', 43),
(214, 'KHALALIO', 43),
(215, 'NEBOI', 43),
(216, 'TOWNSHIP', 43),
(217, 'LIBEHIA', 44),
(218, 'FINO', 44),
(219, 'LAFEY', 44),
(220, 'WARANQARA', 44),
(221, 'ALUNGO GOF', 44),
(222, 'BUTIYE', 45),
(223, 'SOLOLO', 45),
(224, 'HEILLU/MANYATTA', 45),
(225, 'GOLBO', 45),
(226, 'MOYALE TOWNSHIP', 45),
(227, 'URAN', 45),
(228, 'OBBU', 45),
(229, 'DUKANA', 46),
(230, 'MAIKONA', 46),
(231, 'TURBI', 46),
(232, 'NORTH HORR', 46),
(233, 'ILLERET', 46),
(234, 'SAGANTE/JALDESA', 47),
(235, 'KARARE', 47),
(236, 'MARSABIT CENTRAL', 47),
(237, 'LOIYAGALANI', 48),
(238, 'KARGI/SOUTH HORR', 48),
(239, 'KORR/NGURUNIT', 48),
(240, 'LOGLOGO', 48),
(241, 'LAISAMIS', 48),
(242, 'WABERA', 49),
(243, 'BULLA PESA', 49),
(244, 'CHARI', 49),
(245, 'CHERAB', 49),
(246, 'NGARE MARA', 49),
(247, 'BURAT', 49),
(248, 'OLDO/NYIRO', 49),
(249, 'GARBA TULLA', 50),
(250, 'KINNA', 50),
(251, 'SERICHO', 50),
(252, 'MAUA', 51),
(253, 'KIEGOI/ANTUBOCHIU', 51),
(254, 'ATHIRU GAITI', 51),
(255, 'AKACHIU', 51),
(256, 'KANUNI', 51),
(257, 'AKIRANG\'ONDU', 52),
(258, 'ATHIRU RUUJINE', 52),
(259, 'IGEMBE EAST', 52),
(260, 'NJIA', 52),
(261, 'KANGETA', 52),
(262, 'ANTUAMBUI', 53),
(263, 'NTUNENE', 53),
(264, 'ANTUBETWE KIONGO', 53),
(265, 'NAATHU', 53),
(266, 'AMWATHI', 53),
(267, 'ATHWANA', 54),
(268, 'AKITHII', 54),
(269, 'KIANJAI', 54),
(270, 'NKOMO', 54),
(271, 'MBEU', 54),
(272, 'THANGATHA', 55),
(273, 'MIKINDURI', 55),
(274, 'KINGUCHWA', 55),
(275, 'MUTHARA', 55),
(276, 'KARAMA', 55),
(277, 'MUNICIPALITY', 56),
(278, 'NTIMA EAST', 56),
(279, 'NTIMA WEST', 56),
(280, 'NYAKI WEST', 56),
(281, 'NYAKI EAST', 56),
(282, 'TIMAU', 57),
(283, 'KISIMA', 57),
(284, 'KIIRAU/NAARI', 57),
(285, 'RUIRU/RWAWERA', 57),
(286, 'MWANGATHIA', 58),
(287, 'ABOTHUGUCHI CENTRAL', 58),
(288, 'ABOTHUGUCHI WEST', 58),
(289, 'KIAGU', 58),
(290, 'KIBIRICHIA', 57),
(291, 'MITUNGUU', 59),
(292, 'IGOJI EAST', 59),
(293, 'IGOJI WEST', 59),
(294, 'ABOGETA EAST', 59),
(295, 'ABOGETA WEST', 59),
(296, 'NKUENE', 59),
(297, 'MITHERU', 60),
(298, 'MUTHAMBI', 60),
(299, 'MWIMBI', 60),
(300, 'GANGA', 60),
(301, 'CHOGORIA', 60),
(302, 'MARIANI', 61),
(303, 'KARINGANI', 61),
(304, 'MAGUMONI', 61),
(305, 'MUGWE', 61),
(306, 'IGAMBANG\'OMBE', 61),
(307, 'GATUNGA', 62),
(308, 'MUKOTHIMA', 62),
(309, 'NKONDI', 62),
(310, 'CHIAKAGIRA', 62),
(311, 'MARIMANTI', 62),
(312, 'RUGURU-NGANDORI', 63),
(313, 'KITHIMU', 63),
(314, 'NGINDA', 63),
(315, 'MBETI NORTH', 63),
(316, 'KIRIMARI', 63),
(317, 'GATURI SOUTH', 63),
(318, 'GATURI NORTH', 64),
(319, 'KAAGARI SOUTH', 64),
(320, 'CENTRAL', 64),
(321, 'KAAGARI NORTH', 64),
(322, 'KYENI NORTH', 64),
(323, 'KYENI SOUTH', 64),
(324, 'MWEA', 65),
(325, 'MAKIMA', 65),
(326, 'MBETI SOUTH', 65),
(327, 'MAVURIA', 65),
(328, 'KIAMBERE', 65),
(329, 'NTHAWA', 66),
(330, 'MUMINJI', 66),
(331, 'EVURORE', 66),
(332, 'NGOMENI', 67),
(333, 'KYUSO', 67),
(334, 'MUMONI', 67),
(335, 'TSEIKURU', 67),
(336, 'THARAKA', 67),
(337, 'KYOME/THAANA', 68),
(338, 'NGUUTANI', 68),
(339, 'MIGWANI', 68),
(340, 'KIOMO/KYETHANI', 68),
(341, 'CENTRAL', 69),
(342, 'KIVOU', 69),
(343, 'NGUNI', 69),
(344, 'NUU', 69),
(345, 'MUI', 69),
(346, 'WAITA', 69),
(347, 'MUTONGONI', 70),
(348, 'KAUWI', 70),
(349, 'MATINYANI', 70),
(350, 'KWAMUTONGA/KITHUMULA', 70),
(351, 'KISASI', 71),
(352, 'MBITINI', 71),
(353, 'KWAVONZA/YATTA', 71),
(354, 'KANYANGI', 71),
(355, 'MIAMBANI', 72),
(356, 'TOWNSHIP', 72),
(357, 'KYANGWITHYA WEST', 72),
(358, 'MULANGO', 72),
(359, 'KYANGWITHYA EAST', 72),
(360, 'ZOMBE/MWITIKA', 73),
(361, 'NZAMBANI', 73),
(362, 'CHULUNI', 73),
(363, 'VOO/KYAMATU', 73),
(364, 'ENDAU/MALALANI', 73),
(365, 'MUTITU/KALIKU', 73),
(366, 'IKANGA/KYATUNE', 74),
(367, 'MUTOMO', 74),
(368, 'MUTHA', 74),
(369, 'IKUTHA', 74),
(370, 'KANZIKO', 74),
(371, 'ATHI', 74),
(372, 'KIVAA', 75),
(373, 'MASINGA CENTRAL', 75),
(374, 'EKALAKALA', 75),
(375, 'MUTHESYA', 75),
(376, 'NDITHINI', 75),
(377, 'NDALANI', 76),
(378, 'MATUU', 76),
(379, 'KITHIMANI', 76),
(380, 'IKOMBE', 76),
(381, 'KATANGI', 76),
(382, 'KANGUNDO NORTH', 77),
(383, 'KANGUNDO CENTRAL', 77),
(384, 'KANGUNDO EAST', 77),
(385, 'KANGUNDO WEST', 77),
(386, 'TALA', 78),
(387, 'MATUNGULU NORTH', 78),
(388, 'MATUNGULU EAST', 78),
(389, 'MATUNGULU WEST', 78),
(390, 'KYELENI', 78),
(391, 'MITAMBONI', 79),
(392, 'KATHIANI CENTRAL', 79),
(393, 'UPPER KAEWA/IVETI', 79),
(394, 'LOWER KAEWA/KAANI', 79),
(395, 'ATHI RIVER', 80),
(396, 'KINANIE', 80),
(397, 'MUTHWANI', 80),
(398, 'SYOKIMAU/MULOLONGO', 80),
(399, 'KALAMA', 81),
(400, 'MUA', 81),
(401, 'MUTITUNI', 81),
(402, 'MACHAKOS CENTRAL', 81),
(403, 'MUMBUNI NORTH', 81),
(404, 'MUVUTI/KIIMA-KIMWE', 81),
(405, 'KOLA', 81),
(406, 'MBIUNI', 82),
(407, 'MAKUTANO/MWALA', 82),
(408, 'MASII', 82),
(409, 'MUTHETHENI', 82),
(410, 'WAMUNYU', 82),
(411, 'KIBAUNI', 82),
(412, 'TULIMANI', 83),
(413, 'MBOONI', 83),
(414, 'KITHUNGO/KITUNDU', 83),
(415, 'KITETA-KISAU', 83),
(416, 'WAIA-KAKO', 83),
(417, 'KALAWA', 83),
(418, 'KASIKEU', 84),
(419, 'MUKAA', 84),
(420, 'KIMA KIU/KALANZONI', 84),
(421, 'UKIA', 85),
(422, 'KEE', 85),
(423, 'KILUNGU', 85),
(424, 'ILIMA', 85),
(425, 'WOTE', 86),
(426, 'MUVAU/KIKUMINI', 86),
(427, 'MAVINDINI', 86),
(428, 'KITISE/KITHUKI', 86),
(429, 'KATHONZWENI', 86),
(430, 'NZAUI/KILILI/KALAMBA', 86),
(431, 'MBITINI', 86),
(432, 'MAKINDU', 87),
(433, 'NGUUMO', 87),
(434, 'KIKUMBULYU NORTH', 87),
(435, 'KIKUMBULYU SOUTH', 87),
(436, 'NGUU/MASUMBA', 87),
(437, 'EMALI/MULALA', 87),
(438, 'MASONGALENI', 88),
(439, 'MTITO ANDEI', 88),
(440, 'THANGE', 88),
(441, 'IVINGONI/NZAMBANI', 88),
(442, 'ENGINEER', 89),
(443, 'GATHARA', 89),
(444, 'NORTH KINANGOP', 89),
(445, 'MURUNGARU', 89),
(446, 'NJABANI/KIBURU', 89),
(447, 'NYAKIO', 89),
(448, 'GITHABAI', 89),
(449, 'MAGUMU', 89),
(450, 'WANJOHI', 90),
(451, 'KIPIPIRI', 90),
(452, 'GETA', 90),
(453, 'GITHIORO', 90),
(454, 'KARAU', 91),
(455, 'KANJUIRI RANGE', 91),
(456, 'MIRANGINE', 91),
(457, 'KAIMBAGA', 91),
(458, 'RURII', 91),
(459, 'GATHANJI', 92),
(460, 'GATIMU', 92),
(461, 'WERU', 92),
(462, 'CHARAGITA', 92),
(463, 'LESHAU/PONDO', 93),
(464, 'KIRITTA', 93),
(465, 'CENTRAL', 93),
(466, 'SHAMATA', 93),
(467, 'DEDAN KIMATHI', 94),
(468, 'WAMAGANA', 94),
(469, 'AGUTHI-GAAKI', 94),
(470, 'MWEIGA', 95),
(471, 'NAROMORU/KIAMATHAGA', 95),
(472, 'MWIYOGO/ENDARASHA', 95),
(473, 'MUGUNDA', 95),
(474, 'GATARAKWA', 95),
(475, 'THEGU RIVER', 95),
(476, 'KABARU', 95),
(477, 'GAKAWA', 95),
(478, 'RUGURU', 96),
(479, 'MAGUTU', 96),
(480, 'IRIAINI', 96),
(481, 'KONYU', 96),
(482, 'KIRIMUKUYU', 96),
(483, 'KARATINA TOWN', 96),
(484, 'MAHIGA', 97),
(485, 'IRIA-INI', 97),
(486, 'CHINGA', 97),
(487, 'KARIMA', 97),
(488, 'GIKONDI', 98),
(489, 'RUGI', 98),
(490, 'MUKURWE-INI WEST', 98),
(491, 'MUKURWE-INI EAST', 98),
(492, 'KIGANJO/MATHARI', 99),
(493, 'RWARE', 99),
(494, 'GATITU/MURUGURU', 99),
(495, 'RURING\'U', 99),
(496, 'KAMAKWA/MUKARO', 99),
(497, 'MUTITHI', 100),
(498, 'KANGAI', 100),
(499, 'THIBA', 100),
(500, 'WAMUMU', 100),
(501, 'NYANGUTI', 100),
(502, 'MURINDUKO', 100),
(503, 'GATHIGIRIRI', 100),
(504, 'TEBERE', 100),
(505, 'KABARE', 101),
(506, 'BARAGWI', 101),
(507, 'NJUKIINE', 101),
(508, 'NGARIAMA', 101),
(509, 'KARUMANDI', 101),
(510, 'MUKURE', 102),
(511, 'KIINE', 102),
(512, 'KARITI', 102),
(513, 'MUTIRA', 103),
(514, 'KANYEKINI', 103),
(515, 'KERUGOYA', 103),
(516, 'INOI', 103),
(517, 'KANYENYA-INI', 104),
(518, 'MUGURU', 104),
(519, 'RWATHIA', 104),
(520, 'GITUGI', 105),
(521, 'KIRU', 105),
(522, 'KAMACHARIA', 105),
(523, 'WANGU', 106),
(524, 'MUGOIRI', 106),
(525, 'MBIRI', 106),
(526, 'TOWNSHIP', 106),
(527, 'MURARANDIA', 106),
(528, 'GATURI', 106),
(529, 'KAHUMBU', 107),
(530, 'MUTHITHI', 107),
(531, 'KIGUMO', 107),
(532, 'KANGARI', 107),
(533, 'KINYONA', 107),
(534, 'KIMORORI/WEMPA', 108),
(535, 'MAKUYU', 108),
(536, 'KAMBITI', 108),
(537, 'KAMAHUHU', 108),
(538, 'ICHAGAKI', 108),
(539, 'NGINDA', 108),
(540, 'NG\'ARARIA', 109),
(541, 'MURUKA', 109),
(542, 'KAGUNDU-INI', 109),
(543, 'GAICHANJIRU', 109),
(544, 'ITHIRU', 109),
(545, 'RUCHU', 109),
(546, 'ITHANGA', 110),
(547, 'KAKUZI/MITUBIRI', 110),
(548, 'MUGUMO-INI', 110),
(549, 'KIHUMBU-INI', 110),
(550, 'GATANGA', 110),
(551, 'KARIARA', 110),
(552, 'KIAMWANGI', 111),
(553, 'KIGANJO', 111),
(554, 'NDARUGO', 111),
(555, 'NGENDA', 111),
(556, 'GITUAMBA', 112),
(557, 'GITHOBOKONI', 112),
(558, 'CHANIA', 112),
(559, 'MANG\'U', 112),
(560, 'MURERA', 113),
(561, 'THETA', 113),
(562, 'JUJA', 113),
(563, 'WITEITHIE', 113),
(564, 'KALIMONI', 113),
(565, 'TOWNSHIP', 114),
(566, 'KAMENU', 114),
(567, 'HOSPITAL', 114),
(568, 'GATUANYAGA', 114),
(569, 'NGOLIBA', 114),
(570, 'GITOTHUA', 115),
(571, 'BIASHARA', 115),
(572, 'GATONGORA', 115),
(573, 'KAHAWA/SUKARI', 115),
(574, 'KAHAWA WENDANI', 115),
(575, 'KIUU', 115),
(576, 'MWIKI', 115),
(577, 'MWIHOKO', 115),
(578, 'GITHUNGURI', 116),
(579, 'GITHIGA', 116),
(580, 'IKINU', 116),
(581, 'NGEWA', 116),
(582, 'KOMOTHAI', 116),
(583, 'TING\'ANG\'A', 117),
(584, 'NDUMBERI', 117),
(585, 'RIABAI', 117),
(586, 'TOWNSHIP', 117),
(587, 'CIANDA', 118),
(588, 'KARURI', 118),
(589, 'NDENDERU', 118),
(590, 'MUCHATHA', 118),
(591, 'KIHARA', 118),
(592, 'GITARU', 119),
(593, 'MUGUGA', 119),
(594, 'NYADHUNA', 119),
(595, 'KABETE', 119),
(596, 'UTHIRU', 119),
(597, 'KARAI', 120),
(598, 'NACHU', 120),
(599, 'SIGONA', 120),
(600, 'KIKUYU', 120),
(601, 'KINOO', 120),
(602, 'BIBIRIONI', 121),
(603, 'LIMURU CENTRAL', 121),
(604, 'NDEIYA', 121),
(605, 'LIMURU EAST', 121),
(606, 'NGECHA TIGONI', 121),
(607, 'KINALE', 122),
(608, 'KIJABE', 122),
(609, 'NYANDUMA', 122),
(610, 'KAMBURU', 122),
(611, 'LARI/KIRENGA', 122),
(612, 'KAERIS', 123),
(613, 'LAKEZONE', 123),
(614, 'LAPUR', 123),
(615, 'KAALENG/KAIKOR', 123),
(616, 'KIBISH', 123),
(617, 'NAKALALE', 123),
(618, 'KAKUMA', 124),
(619, 'LOPUR', 124),
(620, 'LETEA', 124),
(621, 'SONGOT', 124),
(622, 'KALOBEYEI', 124),
(623, 'LOKICHOGGIO', 124),
(624, 'NANAAM', 124),
(625, 'KERIO DELTA', 125),
(626, 'KANG\'ATOTHA', 125),
(627, 'KALOKOL', 125),
(628, 'LODWAR TOWNSHIP', 125),
(629, 'KANAMKEMER', 125),
(630, 'KOTARUK/LOBEI', 126),
(631, 'TURKWEL', 126),
(632, 'LOIMA', 126),
(633, 'LOKIRIAMA/LORENGIPPI', 126),
(634, 'KAPUTIR', 127),
(635, 'KATILU', 127),
(636, 'LOBOKAT', 127),
(637, 'KALAPATA', 127),
(638, 'LOKICHAR', 127),
(639, 'KAPEDO/NAPEITOM', 128),
(640, 'KATILIA', 128),
(641, 'LOKORI/KOCHODIN', 128),
(642, 'RIWO', 129),
(643, 'KAPENGURIA', 129),
(644, 'MNAGEI', 129),
(645, 'SIYOI', 129),
(646, 'ENDUGH', 129),
(647, 'SOOK', 129),
(648, 'SEKERR', 130),
(649, 'MASOOL', 130),
(650, 'LOMUT', 130),
(651, 'WEI WEI', 130),
(652, 'SUAM', 131),
(653, 'KODICH', 131),
(654, 'KASEI', 131),
(655, 'KAPCHOK', 131),
(656, 'KIWAWA', 131),
(657, 'ALALE', 131),
(658, 'CHEPARERIA', 132),
(659, 'BATEI', 132),
(660, 'LELAN', 132),
(661, 'TAPACH', 132),
(662, 'LODOKEJEK', 133),
(663, 'SAGUTA MARMAR', 133),
(664, 'MARALAL', 133),
(665, 'LOOSUK', 133),
(666, 'PORRO', 133),
(667, 'EL-BARTA', 134),
(668, 'NACHOLA', 134),
(669, 'NDOTO', 134),
(670, 'NYIRO', 134),
(671, 'ANGATA NAYOKIE', 134),
(672, 'BAAWA', 134),
(673, 'WASO', 135),
(674, 'WAMBA WEST', 135),
(675, 'WAMBA EAST', 135),
(676, 'WAMBA NORTH', 135),
(677, 'KAPOMBOI', 136),
(678, 'KWANZA', 136),
(679, 'KEIYO', 136),
(680, 'BIDII', 136),
(681, 'CHEPCHOINA', 137),
(682, 'ENDEBESS', 137),
(683, 'MATUMBEI', 137),
(684, 'KINYORO', 138),
(685, 'MATISI', 138),
(686, 'TUWANI', 138),
(687, 'SABOTI', 138),
(688, 'MACHEWA', 138),
(689, 'KIMININI', 139),
(690, 'WAITALUK', 139),
(691, 'SIRENDE', 139),
(692, 'HOSPITAL', 139),
(693, 'SIKHENDU', 139),
(694, 'NABISWA', 139),
(695, 'SINYERERE', 140),
(696, 'MAKUTANO', 140),
(697, 'KAPLAMAI', 140),
(698, 'MOTOSIET', 140),
(699, 'CHERANGANY/SUWERWA', 140),
(700, 'CHEPSIRO/KIPTOROR', 140),
(701, 'SITATUNGA', 140),
(702, 'MOI\'S BRIDGE', 141),
(703, 'KAPKURES', 141),
(704, 'ZIWA', 141),
(705, 'SEGEROI/BARSOMBE', 141),
(706, 'KIPSOMBA', 141),
(707, 'SOY', 141),
(708, 'KUINET/KAPSUSWA', 141),
(709, 'NGENYILEL', 142),
(710, 'TAPSAGOI', 142),
(711, 'KAMAGUT', 142),
(712, 'KIPLOMBE', 142),
(713, 'KAPSAOS', 142),
(714, 'HURUMA', 142),
(715, 'TEMBELIO', 143),
(716, 'SERGOIT', 143),
(717, 'KARUNA/MEIBEKI', 143),
(718, 'MOIBEN', 143),
(719, 'KIMUMU', 143),
(720, 'KAPSOYA', 144),
(721, 'KAPTAGAT', 144),
(722, 'AINABKOI/OLARE', 144),
(723, 'SIMAT/KAPSERET', 145),
(724, 'KIPKENYO', 145),
(725, 'NGERIA', 145),
(726, 'MEGUN', 145),
(727, 'LANGAS', 145),
(728, 'RACECOURSE', 146),
(729, 'CHEPTIRET/KIPCHAMO', 146),
(730, 'TULWET/CHIYAT', 146),
(731, 'TARAKWA', 146),
(732, 'KAPYEGO', 147),
(733, 'SAMBIRIR', 147),
(734, 'ENDO', 147),
(735, 'EMBOBUT/EMBULOT', 147),
(736, 'LELAN', 148),
(737, 'SENGWER', 148),
(738, 'CHERANG\'ANY/CHEBORORWA', 148),
(739, 'MOIBEN/KUSERWO', 148),
(740, 'KAPSOWAR', 148),
(741, 'ARROR', 148),
(742, 'KAMARINY', 149),
(743, 'EMSOO', 149),
(744, 'TAMBACH', 149),
(745, 'KAPCHEMUTWA', 149),
(746, 'KAPTARAKWA', 150),
(747, 'CHEPKORIO', 150),
(748, 'SOY NORTH', 150),
(749, 'SOY SOUTH', 150),
(750, 'KABIEMIT', 150),
(751, 'METKEI', 150),
(752, 'SONGHOR/SOBA', 151),
(753, 'TINDERET', 151),
(754, 'CHEMELIL/CHEMASE', 151),
(755, 'KAPSIMWOTWO', 151),
(756, 'KABWARENG', 152),
(757, 'TERIK', 152),
(758, 'KEMELOI-MARABA', 152),
(759, 'KOBUJOI', 152),
(760, 'KAPTUMO/KABOI', 152),
(761, 'KOYO/NDURIO', 152),
(762, 'NANDI HILLS', 153),
(763, 'CHEPKUNYUK', 153),
(764, 'OL\'LESSOS', 153),
(765, 'KAPCHORUA', 153),
(766, 'CHEMUNDU/KAPNG\'ETUNYI', 154),
(767, 'KOSIRAI', 154),
(768, 'LELMOKO/NGECHEK', 154),
(769, 'KAPTEL/KAMOIYWO', 154),
(770, 'KIPTUIYA', 154),
(771, 'CHEPKUMIA', 155),
(772, 'KAPKANGANI', 155),
(773, 'KAPSABET', 155),
(774, 'KILIBWONI', 155),
(775, 'CHEPTERWAI', 156),
(776, 'KIPKAREN', 156),
(777, 'KURGUNG/SURUNGAI', 156),
(778, 'KABIYET', 156),
(779, 'NDALAT', 156),
(780, 'KABISAGA', 156),
(781, 'SANGALO/KEBULONIK', 156),
(782, 'TIRIOKO', 157),
(783, 'KOLOWA', 157),
(784, 'RIBKWO', 157),
(785, 'SILALE', 157),
(786, 'LOIYAMOROK', 157),
(787, 'TANGULBEI/KOROSSI', 157),
(788, 'CHURO/AMAYA', 157),
(789, 'BARWESSA', 158),
(790, 'KABARTONJO', 158),
(791, 'SAIMOI/KIPSARAMAN', 158),
(792, 'SAIMO/SOI', 158),
(793, 'BARTABWA', 158),
(794, 'KABARNET', 159),
(795, 'SACHO', 159),
(796, 'TENGES', 159),
(797, 'EWALEL/CHAPCHAP', 159),
(798, 'KAPROPITA', 159),
(799, 'MARIGAT', 160),
(800, 'IICHAMUS', 160),
(801, 'MOCHONGOI', 160),
(802, 'MUKUTANI', 160),
(803, 'MOGOTIO', 161),
(804, 'EMINING', 161),
(805, 'KISANANA', 161),
(806, 'LEMBUS', 162),
(807, 'LEMBUS KWEN', 162),
(808, 'RAVINE', 162),
(809, 'MUMBERES/MAJI MAZURI', 162),
(810, 'LEMBUS/PERKERRA', 162),
(811, 'KOIBATEK', 162),
(812, 'OL-MORAN', 163),
(813, 'RUMURUTI TOWNSHIP', 163),
(814, 'GITHIGA', 163),
(815, 'MARMANET', 163),
(816, 'IGWAMITI', 163),
(817, 'SALAMA', 163),
(818, 'NGOBIT', 164),
(819, 'TIGITHI', 164),
(820, 'THINGITHU', 164),
(821, 'NANYUKI', 164),
(822, 'UMANDE', 164),
(823, 'SOSIAN', 165),
(824, 'SEGERA', 165),
(825, 'MUGOGODO WEST', 165),
(826, 'MUGOGODO EAST', 165),
(827, 'MARIASHONI', 166),
(828, 'ELBURGON', 166),
(829, 'TURI', 166),
(830, 'MOLO', 166),
(831, 'MAU NAROK', 167),
(832, 'MAUCHE', 167),
(833, 'KIHINGO', 167),
(834, 'NESUIT', 167),
(835, 'LARE', 167),
(836, 'NJORO', 167),
(837, 'BIASHARA', 168),
(838, 'HELLSGATE', 168),
(839, 'LAKE VIEW', 168),
(840, 'MAI MAHIU', 168),
(841, 'MAEILLA', 168),
(842, 'OLKARIA', 168),
(843, 'NAIVASHA EAST', 168),
(844, 'VIWANDA', 168),
(845, 'GILGIL', 169),
(846, 'ELEMENTAITA', 169),
(847, 'MBARUK/EBURU', 169),
(848, 'MALEWA WEST', 169),
(849, 'MURINDAT', 169),
(850, 'AMALO', 170),
(851, 'KERINGET', 170),
(852, 'KIPTAGICH', 170),
(853, 'TINET', 170),
(854, 'KIPTORORO', 171),
(855, 'NYOTA', 171),
(856, 'SIRIKWA', 171),
(857, 'KAMARA', 171),
(858, 'SUBUKIA', 172),
(859, 'WASEGES', 172),
(860, 'KABAZI', 172),
(861, 'MENENGAI WEST', 173),
(862, 'SOIN', 173),
(863, 'VISOI', 173),
(864, 'MOSOP', 173),
(865, 'SOLAI', 173),
(866, 'DUNDORI', 174),
(867, 'KABATINI', 174),
(868, 'KIAMAINA', 174),
(869, 'LANET/UMOJA', 174),
(870, 'BAHATI', 174),
(871, 'BARUT', 175),
(872, 'LONDON', 175),
(873, 'KAPTEMBWO', 175),
(874, 'KAPKURES', 175),
(875, 'RHODA', 175),
(876, 'SHAABAB', 175),
(877, 'BIASHARA', 176),
(878, 'KIVUMBUNI', 176),
(879, 'FLAMINGO', 176),
(880, 'MENENGAI', 176),
(881, 'NAKURU EAST', 176),
(882, 'KILGORIS CENTRAL', 177),
(883, 'KEYIAN', 177),
(884, 'ANGATA BARIKOI', 177),
(885, 'SHANKOE', 177),
(886, 'KIMINTET', 177),
(887, 'LOLGORIAN', 177),
(888, 'IIKERIN', 178),
(889, 'OLOLMASANI', 178),
(890, 'MOGONDO', 178),
(891, 'KAPSASIAN', 178),
(892, 'OLPOSIMORU', 179),
(893, 'OLOKURTO', 179),
(894, 'NAROK TOWN', 179),
(895, 'NKARETA', 179),
(896, 'OLORROPIL', 179),
(897, 'MELILI', 179),
(898, 'MOSIRO', 180),
(899, 'ILDAMAT', 180),
(900, 'KEEKONYOKIE', 180),
(901, 'SUSWA', 180),
(902, 'MAJI MOTO/NAROOSURA', 181),
(903, 'OLOLULUNG\'A', 181),
(904, 'MELELO', 181),
(905, 'LOITA', 181),
(906, 'SOGOO', 181),
(907, 'SAGAMIAN', 181),
(908, 'ILMOTIOOK', 182),
(909, 'MARA', 182),
(910, 'SIANA', 182),
(911, 'NAIKARRA', 182),
(912, 'OLKERI', 183),
(913, 'ONGATA RONGAI', 183),
(914, 'NKAIMURUNYA', 183),
(915, 'OLOOLUA', 183),
(916, 'NGONG', 183),
(917, 'PURKO', 184),
(918, 'ILDAMAT', 184),
(919, 'DALALEKUTUK', 184),
(920, 'MATAPATO NORTH', 184),
(921, 'MATAPATO SOUTH', 184),
(922, 'KAPUTIEI NORTH', 185),
(923, 'KITENGELA', 185),
(924, 'OLOOSIRKON/SHOLINKE', 185),
(925, 'KENYAWA-POKA', 185),
(926, 'IMARORO', 185),
(927, 'KEEKONYOKIE', 186),
(928, 'ILOODOKILANI', 186),
(929, 'MAGADI', 186),
(930, 'EWUASO OO NKIDONG\'I', 186),
(931, 'MOSIRO', 186),
(932, 'ENTONET/LENKISM', 187),
(933, 'IMBRIKANI/ESELELNKEI', 187),
(934, 'KUKU', 187),
(935, 'ROMBO', 187),
(936, 'KIMANA', 187),
(937, 'LONDIANI', 188),
(938, 'KEDOWA/KIMUGUL', 188),
(939, 'CHEPSEON', 188),
(940, 'TENDENO/SORGET', 188),
(941, 'KUNYAK', 189),
(942, 'KAMASIAN', 189),
(943, 'KIPKELION', 189),
(944, 'CHILCHILA', 189),
(945, 'KAPSOIT', 190),
(946, 'AINAMOI', 190),
(947, 'KAPKUGERWET', 190),
(948, 'KIPCHEBOR', 190),
(949, 'KIPCHIMCHIM', 190),
(950, 'KAPSAOS', 190),
(951, 'KISIARA', 191),
(952, 'TEBESONIK', 191),
(953, 'CHEBOIN', 191),
(954, 'CHEMOSOT', 191),
(955, 'LITEIN', 191),
(956, 'CHEPLANGET', 191),
(957, 'KAPKATET', 191),
(958, 'WALDAI', 192),
(959, 'KABIANGA', 192),
(960, 'CHEPTORORIET/SERETUT', 192),
(961, 'CHAIK', 192),
(962, 'KAPSUSER', 192),
(963, 'SIGOWET', 193),
(964, 'KAPLELARTET', 193),
(965, 'SOLIAT', 193),
(966, 'SOIN', 193),
(967, 'NDANAI/ABOSI', 194),
(968, 'CHEMAGEL', 194),
(969, 'KIPSONOI', 194),
(970, 'KAPLETUNDO', 194),
(971, 'RONGENA/MANARET', 194),
(972, 'KONG\'ASIS', 195),
(973, 'NYANGORES', 195),
(974, 'SIGOR', 195),
(975, 'CHEBUNYO', 195),
(976, 'SIONGIROI', 195),
(977, 'MERIGI', 196),
(978, 'KEMBU', 196),
(979, 'LONGISA', 196),
(980, 'KIPRERES', 196),
(981, 'CHEMANER', 196),
(982, 'SILIBWET TOWNSHIP', 197),
(983, 'NDARAWETA', 197),
(984, 'SINGORWET', 197),
(985, 'CHESOEN', 197),
(986, 'MUTARAKWA', 197),
(987, 'CHEPCHABAS', 198),
(988, 'KIMULOT', 198),
(989, 'MOGOGOSIEK', 198),
(990, 'BOITO', 198),
(991, 'EMBOMOS', 198),
(992, 'MAUTUMA', 199),
(993, 'LUGARI', 199),
(994, 'LUMAKANDA', 199),
(995, 'CHEKALINI', 199),
(996, 'CHEVAYWA', 199),
(997, 'LWANDETI', 199),
(998, 'LIKUYANI', 200),
(999, 'SANGO', 200),
(1000, 'KONGONI', 200),
(1001, 'NZOIA', 200),
(1002, 'SINOKO', 200),
(1003, 'WEST KABRAS', 201),
(1004, 'CHEMUCHE', 201),
(1005, 'EAST KABRAS', 201),
(1006, 'BUTALI/CHEGULO', 201),
(1007, 'MANDA-SHIVANGA', 201),
(1008, 'SHIRUNGU-MUGAI', 201),
(1009, 'SOUTH KABRAS', 201),
(1010, 'BUTSOTSO EAST', 202),
(1011, 'BUTSOTSO SOUTH', 202),
(1012, 'BUTSOTSO CENTRAL', 202),
(1013, 'SHEYWE', 202),
(1014, 'MAHIAKALO', 202),
(1015, 'SHIRERE', 202),
(1016, 'INGOSTE-MATIHA', 203),
(1017, 'SHINOYI-SHIKOMARI-ESUMEIYA', 203),
(1018, 'BUNYALA WEST', 203),
(1019, 'BUNYALA EAST', 203),
(1020, 'BUNYALA CENTRAL', 203),
(1021, 'MUMIAS CENTRAL', 204),
(1022, 'MUMIAS NORTH', 204),
(1023, 'ETENJE', 204),
(1024, 'MUSANDA', 204),
(1025, 'LUSHEYA/LUBINU', 205),
(1026, 'MALAHA/ISONGO/MAKUNGA', 205),
(1027, 'EAST WANGA', 205),
(1028, 'KOYONZO', 206),
(1029, 'KHOLERA', 206),
(1030, 'KHALABA', 206),
(1031, 'MAYONI', 206),
(1032, 'NAMAMALI', 206),
(1033, 'MARAMA WEST', 207),
(1034, 'MARAMA CENTRAL', 207),
(1035, 'MARENYO-SHIANDA', 207),
(1036, 'MARAMA NORTH', 207),
(1037, 'MARAMA SOUTH', 207),
(1038, 'KISA NORTH', 208),
(1039, 'KISA EAST', 208),
(1040, 'KISA WEST', 208),
(1041, 'KISA CENTRAL', 208),
(1042, 'ISUKHA NORTH', 209),
(1043, 'MURHANDA', 209),
(1044, 'ISUKHA CENTRAL', 209),
(1045, 'ISUKHA SOUTH', 209),
(1046, 'ISUKHA EAST', 209),
(1047, 'ISUKHA WEST', 209),
(1048, 'IDAKHO SOUTH', 210),
(1049, 'IDAKHO EAST', 210),
(1050, 'IDAKHO NORTH', 210),
(1051, 'IDAKHO CENTRAL', 210),
(1052, 'LUGAGA-WAMULUMA', 211),
(1053, 'SOUTH MARAGOLI', 211),
(1054, 'CENTRAL MARAGOLI', 211),
(1055, 'MUNGOMA', 211),
(1056, 'LYADUYWA/IZAVA', 212),
(1057, 'WEST SABATIA', 212),
(1058, 'CHAVAKALI', 212),
(1059, 'NORTH MARAGOLI', 212),
(1060, 'WODANGA', 212),
(1061, 'BUSALI', 212),
(1062, 'SHIRU', 213),
(1063, 'GISAMBAI', 213),
(1064, 'SHAMAKHOKHO', 213),
(1065, 'BANJA', 213),
(1066, 'MUHUDU', 213),
(1067, 'TAMBUA', 213),
(1068, 'JEPKOYAI', 213),
(1069, 'LUANDA TOWNSHIP', 214),
(1070, 'WEMILABI', 214),
(1071, 'MWIBONA', 214),
(1072, 'LUANDA SOUTH', 214),
(1073, 'EMABUNGO', 214),
(1074, 'NORTH EAST BUNYORE', 215),
(1075, 'CENTRAL BUNYORE', 215),
(1076, 'WEST BUNYORE', 215),
(1077, 'CHEPTAIS', 216),
(1078, 'CHESIKAKI', 216),
(1079, 'CHEPYUK', 216),
(1080, 'KAPKATENY', 216),
(1081, 'KAPTAMA', 216),
(1082, 'ELGON', 216),
(1083, 'NAMWELA', 217),
(1084, 'MALAKISI/SOUTH KULISIRU', 217),
(1085, 'LWANDANYI', 217),
(1086, 'KABUCHAI/CHWELE', 218),
(1087, 'WEST NALONDO', 218),
(1088, 'BWAKE/LUUYA', 218),
(1089, 'MUKUYUNI', 218),
(1090, 'SOUTH BUKUSU', 219),
(1091, 'BUMULA', 219),
(1092, 'KHASOKO', 219),
(1093, 'KABULA', 219),
(1094, 'KIMAETI', 219),
(1095, 'WEST BUKUSU', 219),
(1096, 'SIBOTI', 219),
(1097, 'BUKEMBE WEST', 220),
(1098, 'BUKEMBE EAST', 220),
(1099, 'TOWNSHIP', 220),
(1100, 'KHALABA', 220),
(1101, 'MUSIKOMA', 220),
(1102, 'EAST SANG\'ALO', 220),
(1103, 'MARAKARU/TUUTI', 220),
(1104, 'WEST SANG\'ALO', 220),
(1105, 'MIHUU', 221),
(1106, 'NDIVISI', 221),
(1107, 'MARAKA', 221),
(1108, 'MISIKHU', 222),
(1109, 'SITIKHO', 222),
(1110, 'MATULO', 222),
(1111, 'BOKOLI', 222),
(1112, 'KIBINGEI', 223),
(1113, 'KIMILILI', 223),
(1114, 'MAENI', 223),
(1115, 'KAMUKUYWA', 223),
(1116, 'MBAKALO', 224),
(1117, 'NAITIRI/KABUYEFWE', 224),
(1118, 'MILIMA', 224),
(1119, 'NDALU', 224),
(1120, 'TONGAREN', 224),
(1121, 'SOYSAMBU/MITUA', 224),
(1122, 'MALABA CENTRAL', 225),
(1123, 'MALABA NORTH', 225),
(1124, 'ANG\'URAI SOUTH', 225),
(1125, 'ANG\'URAI NORTH', 225),
(1126, 'ANG\'URA EAST', 225),
(1127, 'MALABA SOUTH', 225),
(1128, 'ANG\'OROM', 226),
(1129, 'CHAKOL SOUTH', 226),
(1130, 'CHAKOL NORTH', 226),
(1131, 'AMUKURA WEST', 226),
(1132, 'AMUKURA EAST', 226),
(1133, 'AMUKURA CENTRAL', 226),
(1134, 'NAMBALE', 227),
(1135, 'BUKHAYO NORTH/WALATSI', 227),
(1136, 'BUKHAYO EAST', 227),
(1137, 'BUKHAYO CENTRAL', 227),
(1138, 'BUKHAYO WEST', 228),
(1139, 'MAYENJE', 228),
(1140, 'MATAYOS SOUTH', 228),
(1141, 'BUSIBWABO', 228),
(1142, 'BURUMBA', 228),
(1143, 'MARACHI WEST', 229),
(1144, 'KINGANDOLE', 229),
(1145, 'MARACHI CENTRAL', 229),
(1146, 'MARACHI EAST', 229),
(1147, 'MARACHI NORTH', 229),
(1148, 'ELUGULU', 229),
(1149, 'NAMBOBOTO-NAMBUKU WARD', 230),
(1150, 'NANGINA', 230),
(1151, 'AGENG\'A NANGUBA', 230),
(1152, 'BWIRI', 230),
(1153, 'BUNYALA CENTRAL', 231),
(1154, 'BUNYALA NORTH', 231),
(1155, 'BUNYALA WEST', 231),
(1156, 'BUNYALA SOUTH', 231),
(1157, 'WEST UGENYA', 232),
(1158, 'UKWALA', 232),
(1159, 'NORTH UGENYA', 232),
(1160, 'EAST UGENYA', 232),
(1161, 'SIDINDI', 233),
(1162, 'SIGOMERE', 233),
(1163, 'UGUNJA', 233),
(1164, 'USONGA', 234),
(1165, 'WEST ALEGO', 234),
(1166, 'CENTRAL ALEGO', 234),
(1167, 'SIAYA TOWNSHIP', 234),
(1168, 'NORTH ALEGO', 234),
(1169, 'SOUTH EAST ALEGO', 234),
(1170, 'NORTH GEM', 235),
(1171, 'WEST GEM', 235),
(1172, 'CENTRAL GEM', 235),
(1173, 'YALA TOWNSHIP', 235),
(1174, 'EAST GEM', 235),
(1175, 'SOUTH GEM', 235),
(1176, 'WEST YIMBO', 236),
(1177, 'CENTRAL SAKWA', 236),
(1178, 'SOUTH SAKWA', 236),
(1179, 'YIMBO EAST', 236),
(1180, 'WEST SAKWA', 236),
(1181, 'NORTH SAKWA', 236),
(1182, 'EAST ASEMBO', 237),
(1183, 'WEST ASEMBO', 237),
(1184, 'NORTH UYOMA', 237),
(1185, 'SOUTH UYOMA', 237),
(1186, 'WEST UYOMA', 237),
(1187, 'KAJULU', 238),
(1188, 'KOLWA EAST', 238),
(1189, 'MANYATTA B', 238),
(1190, 'NYALENDA A', 238),
(1191, 'KOLWA CENTRAL', 238),
(1192, 'SOUTH WEST KISUMU', 239),
(1193, 'CENTRAL KISUMU', 239),
(1194, 'KISUMU NORTH', 239),
(1195, 'WEST KISUMU', 239),
(1196, 'NORTH WEST KISUMU', 239),
(1197, 'RAILWAYS', 240),
(1198, 'MIGOSI', 240),
(1199, 'SHAURI MOYO KALOLENI', 240),
(1200, 'MARKET MILIMANI', 240),
(1201, 'KONDELE', 240),
(1202, 'NYALENDA B', 240),
(1203, 'WEST SEME', 241),
(1204, 'CENTRAL SEME', 241),
(1205, 'EAST SEME', 241),
(1206, 'NORTH SEME', 241),
(1207, 'EAST KANO/WAWIDHI', 242),
(1208, 'AWASI/ONJIKO', 242),
(1209, 'AHERO', 242),
(1210, 'KABONYO/KANYAGWAI', 242),
(1211, 'KOBURA', 242),
(1212, 'MIWANI', 243),
(1213, 'OMBEYI', 243),
(1214, 'MASOGO/NYANG\'OMA', 243),
(1215, 'CHEMELIL', 243),
(1216, 'MUHORONI KORU', 243),
(1217, 'SOUTH WEST NYAKACH', 244),
(1218, 'NORTH NYAKACH', 244),
(1219, 'CENTRAL NYAKACH', 244),
(1220, 'WEST NYAKACH', 244),
(1221, 'SOUTH EAST NYAKACH', 244),
(1222, 'WEST KASIPUL', 245),
(1223, 'SOUTH KASIPUL', 245),
(1224, 'CENTRAL KASIPUL', 245),
(1225, 'EAST KAMAGAK', 245),
(1226, 'WEST KAMAGAK', 245),
(1227, 'KABONDO EAST', 246),
(1228, 'KABONDO WEST', 246),
(1229, 'KOKWANYO/KAKELO', 246),
(1230, 'KOJWACH', 246),
(1231, 'WEST KARACHUONYO', 247),
(1232, 'NORTH KARACHUONYO', 247),
(1233, 'CENTRAL', 247),
(1234, 'KANYALUO', 247),
(1235, 'KIBIRI', 247),
(1236, 'WANG\'CHIENG', 247),
(1237, 'KENDU BAY TOWN', 247),
(1238, 'WEST GEM', 248),
(1239, 'EAST GEM', 248),
(1240, 'KAGAN', 248),
(1241, 'KOCHIA', 248),
(1242, 'HOMA BAY CENTRAL', 249),
(1243, 'HOMA BAY ARUJO', 249),
(1244, 'HOMA BAY WEST', 249),
(1245, 'HOMA BAY EAST', 249),
(1246, 'KWABWAI', 250),
(1247, 'KANYADOTO', 250),
(1248, 'KANYIKELA', 250),
(1249, 'KABOUCH NORTH', 250),
(1250, 'KABUOCH SOUTH/PALA', 250),
(1251, 'KANYAMWA KOLOGI', 250),
(1252, 'KANYAMWA KOSEWE', 250),
(1253, 'MFANGANO ISLAND', 251),
(1254, 'RUSINGA ISLAND', 251),
(1255, 'KASGUNGA', 251),
(1256, 'GEMBE', 251),
(1257, 'LAMBWE', 251),
(1258, 'GWASSI SOUTH', 252),
(1259, 'GWASSI NORTH', 252),
(1260, 'KAKSINGIRI WEST', 252),
(1261, 'RUMA-KAKSINGIRI EAST', 252),
(1262, 'NORTH KAMAGAMBO', 253),
(1263, 'CENTRAL KAMAGAMBO', 253),
(1264, 'EAST KAMAGAMBO', 253),
(1265, 'SOUTH KAMAGAMBO', 253),
(1266, 'NORTH SAKWA', 254),
(1267, 'SOUTH SAKWA', 254),
(1268, 'WEST SAKWA', 254),
(1269, 'CENTRAL SAKWA', 254),
(1270, 'GOD JOPE', 255),
(1271, 'SUNA CENTRAL', 255),
(1272, 'KAKRAO', 255),
(1273, 'KWA', 255),
(1274, 'WIGA', 256),
(1275, 'WASEWETA II', 256),
(1276, 'RAGANA-ORUBA', 256),
(1277, 'WASIMBETE', 256),
(1278, 'WEST KANYAMKAGO', 257),
(1279, 'NORTH KANYAMKAGO', 257),
(1280, 'CENTRAL KANYAMKAGO', 257),
(1281, 'SOUTH KANYAMKAGO', 257),
(1282, 'EAST KANYAMKAGO', 257),
(1283, 'KACHIENG\'', 258),
(1284, 'KANYASA', 258),
(1285, 'NORTH KADEM', 258),
(1286, 'MACALDER/KANYARWANDA', 258),
(1287, 'KALER', 258),
(1288, 'GOT KACHOLA', 258),
(1289, 'MUHURU', 258),
(1290, 'BUKIRA EAST', 259),
(1291, 'BUKIRA CENTRAL/IKEREGE', 259),
(1292, 'ISIBANIA', 259),
(1293, 'MOKERERO', 259),
(1294, 'MASABA', 259),
(1295, 'TAGARE', 259),
(1296, 'NYANMOSENSE/KOMOSOKO', 259),
(1297, 'GOKEHARAKA/GETAMBWEGA', 260),
(1298, 'NTIMARU WEST', 260),
(1299, 'NTIMARU EAST', 260),
(1300, 'NYABASI EAST', 260),
(1301, 'NYABASI WEST', 260),
(1302, 'BOMARIBA', 261),
(1303, 'BOGIAKUMU', 261),
(1304, 'BOMORENDA', 261),
(1305, 'RIANA', 261),
(1306, 'TABAKA', 262),
(1307, 'BOIKANGA', 262),
(1308, 'BOGETENGA', 262),
(1309, 'BORABU/CHITAGO', 262),
(1310, 'MOTICHO', 262),
(1311, 'GETENGA', 262),
(1312, 'BOMBABA BORABU', 263),
(1313, 'BOOCHI BORABU', 263),
(1314, 'BOKIMONGE', 263),
(1315, 'MAGENCHE', 263),
(1316, 'MASIGE WEST', 264),
(1317, 'MASIGE EAST', 264),
(1318, 'BASI CENTRAL', 264),
(1319, 'NYACHEKI', 264),
(1320, 'BASSI BOGETAORIO', 264),
(1321, 'BOBASI CHACHE', 264),
(1322, 'SAMETA/MOKWERERO', 264),
(1323, 'BOBASI/BOITANGARE', 264),
(1324, 'MAJOGE BASI', 265),
(1325, 'BOOCHI/TENDERE', 265),
(1326, 'BOSOTI/SENGERA', 265),
(1327, 'ICHUNI', 266),
(1328, 'NYAMASIBI', 266),
(1329, 'MASIMBA', 266),
(1330, 'GESUSU', 266),
(1331, 'KIAMOKAMA', 266),
(1332, 'BOBARACHO', 267),
(1333, 'KISII CENTRAL', 267),
(1334, 'KEUMBU', 267),
(1335, 'KIOGORO', 267),
(1336, 'BIRONGO', 267),
(1337, 'IBENO', 267),
(1338, 'MONYERERO', 268),
(1339, 'SENSI', 268),
(1340, 'MARANI', 268),
(1341, 'KEGOGI', 268),
(1342, 'BOGUSERO', 269),
(1343, 'BOGEKA', 269),
(1344, 'NYAKOE', 269),
(1345, 'KITUTU CENTRAL', 269),
(1346, 'NYATIEKO', 269),
(1347, 'RIGOMA', 270),
(1348, 'GACHUBA', 270),
(1349, 'KAMERA', 270),
(1350, 'MAGOMBO', 270),
(1351, 'MANGA', 270),
(1352, 'GESIMA', 270),
(1353, 'NYAMAIYA', 271),
(1354, 'BOGICHORA', 271),
(1355, 'BOSAMARO', 271),
(1356, 'BONYAMATUTA', 271),
(1357, 'TOWNSHIP', 271),
(1358, 'ITIBO', 272),
(1359, 'BOMWAGAMO', 272),
(1360, 'BOKEIRA', 272),
(1361, 'MAGWAGWA', 272),
(1362, 'EKERENYO', 272),
(1363, 'MEKENENE', 273),
(1364, 'KIABONYORU', 273),
(1365, 'NYANSIONGO', 273),
(1366, 'ESISE', 273),
(1367, 'KITISURU', 274),
(1368, 'PARKLANDS/HIGHRIDGE', 274),
(1369, 'KARURA', 274),
(1370, 'KANGEMI', 274),
(1371, 'MOUNTAIN VIEW', 274),
(1372, 'KILIMANI', 275),
(1373, 'KAWANGARE', 275),
(1374, 'GATINA', 275),
(1375, 'KILELESHWA', 275),
(1376, 'KABIRO', 275),
(1377, 'MUTU-INI', 276),
(1378, 'NGANDO', 276),
(1379, 'RIRUTA', 276),
(1380, 'UTHIRU/RUTHIMITU', 276),
(1381, 'WAITHAKA', 276),
(1382, 'KAREN', 277),
(1383, 'NAIROBI WEST', 277),
(1384, 'MUGUMO-INI', 277),
(1385, 'SOUTH C', 277),
(1386, 'NYAYO HIGHRISE', 277),
(1387, 'LAINI SABA', 278),
(1388, 'LINDI', 278),
(1389, 'MAKINA', 278),
(1390, 'WOODLEY/KENYATTA GOLF COURSE', 278),
(1391, 'SARANG\'OMBE', 278),
(1392, 'GITHURAI', 279),
(1393, 'KAHAWA WEST', 279),
(1394, 'ZIMMERMAN', 279),
(1395, 'ROYSAMBU', 279),
(1396, 'KAHAWA', 279),
(1397, 'CLAY CITY', 280),
(1398, 'MWIKI', 280),
(1399, 'KASARANI', 280),
(1400, 'NJIRU', 280),
(1401, 'RUAI', 280),
(1402, 'BABANDOGO', 281),
(1403, 'UTALII', 281),
(1404, 'MATHARE NORTH', 281),
(1405, 'LUCKY SUMMER', 281),
(1406, 'KOROGOCHO', 281),
(1407, 'IMARA DAIMA', 282),
(1408, 'KWA NJENGA', 282),
(1409, 'KWA REUBEN', 282),
(1410, 'PIPELINE', 282),
(1411, 'KWARE', 282),
(1412, 'KARIOBANGI NORTH', 283),
(1413, 'DANDORA AREA I', 283),
(1414, 'DANDORA AREA II', 283),
(1415, 'DANDORA AREA III', 283),
(1416, 'DANDORA AREA IV', 283),
(1417, 'KAYOLE NORTH', 284),
(1418, 'KAYOLE CENTRAL', 284),
(1419, 'KAYOLE SOUTH', 284),
(1420, 'KOMAROCK', 284),
(1421, 'MATOPENI/SPRING VALLEY', 284),
(1422, 'UPPER SAVANNA', 285),
(1423, 'LOWER SAVANNA', 285),
(1424, 'EMBAKASI', 285),
(1425, 'UTAWALA', 285),
(1426, 'MIHANGO', 285),
(1427, 'UMOJA I', 286),
(1428, 'UMOJA II', 286),
(1429, 'MOWLEM', 286),
(1430, 'KARIOBANGI SOUTH', 286),
(1431, 'MARINGO/HAMZA', 287),
(1432, 'VIWANDANI', 287),
(1433, 'HARAMBEE', 287),
(1434, 'MAKONGENI', 287),
(1435, 'PUMWANI', 288),
(1436, 'EASTLEIGH NORTH', 288),
(1437, 'EASTLEIGH SOUTH', 288),
(1438, 'AIRBASE', 288),
(1439, 'CALIFORNIA', 288),
(1440, 'NAIROBI CENTRAL', 289),
(1441, 'NGARA', 289),
(1442, 'PANGANI', 289),
(1443, 'ZIWANI/KARIOKOR', 289),
(1444, 'LANDIMAWE', 289),
(1445, 'NAIROBI SOUTH', 289),
(1446, 'HOSPITAL', 290),
(1447, 'MABATINI', 290),
(1448, 'HURUMA', 290),
(1449, 'NGEI', 290),
(1450, 'MLANGO KUBWA', 290),
(1451, 'KIAMAIKO', 290);

-- --------------------------------------------------------

--
-- Table structure for table `bf_email_queue`
--

DROP TABLE IF EXISTS `bf_email_queue`;
CREATE TABLE IF NOT EXISTS `bf_email_queue` (
  `id` int(11) NOT NULL AUTO_INCREMENT,
  `to_email` varchar(254) NOT NULL,
  `subject` varchar(255) NOT NULL,
  `message` text NOT NULL,
  `alt_message` text,
  `max_attempts` int(11) NOT NULL DEFAULT '3',
  `attempts` int(11) NOT NULL DEFAULT '0',
  `success` tinyint(1) NOT NULL DEFAULT '0',
  `date_published` datetime DEFAULT NULL,
  `last_attempt` datetime DEFAULT NULL,
  `date_sent` datetime DEFAULT NULL,
  `csv_attachment` text,
  PRIMARY KEY (`id`)
) ENGINE=MyISAM DEFAULT CHARSET=utf8;

-- --------------------------------------------------------

--
-- Table structure for table `bf_facilities`
--

DROP TABLE IF EXISTS `bf_facilities`;
CREATE TABLE IF NOT EXISTS `bf_facilities` (
  `id` int(11) NOT NULL AUTO_INCREMENT,
  `facility_name` text NOT NULL,
  `category` varchar(6) DEFAULT NULL,
  `county` int(11) DEFAULT NULL,
  `sub_county` int(11) NOT NULL,
  `status` tinyint(4) NOT NULL DEFAULT '1' COMMENT '0:inactive, 1: Active',
  `created_by` int(11) NOT NULL,
  `created_on` datetime NOT NULL,
  `modified_by` int(11) DEFAULT NULL,
  `modified_on` datetime DEFAULT NULL,
  PRIMARY KEY (`id`)
) ENGINE=MyISAM AUTO_INCREMENT=4 DEFAULT CHARSET=latin1;

--
-- Dumping data for table `bf_facilities`
--

INSERT INTO `bf_facilities` (`id`, `facility_name`, `category`, `county`, `sub_county`, `status`, `created_by`, `created_on`, `modified_by`, `modified_on`) VALUES
(2, 'KNH', 'D-CDRR', 48, 277, 1, 1, '2019-05-14 03:53:15', 1, '2019-05-14 04:04:51'),
(3, 'Mbagathi', 'F-CDRR', 48, 278, 1, 1, '2019-05-14 04:07:09', NULL, NULL);

-- --------------------------------------------------------

--
-- Table structure for table `bf_inventory`
--

DROP TABLE IF EXISTS `bf_inventory`;
CREATE TABLE IF NOT EXISTS `bf_inventory` (
  `id` int(11) NOT NULL AUTO_INCREMENT,
  `name` varchar(50) NOT NULL,
  `category_id` int(11) NOT NULL,
  `status` int(11) NOT NULL,
  PRIMARY KEY (`id`)
) ENGINE=InnoDB AUTO_INCREMENT=760 DEFAULT CHARSET=utf8;

--
-- Dumping data for table `bf_inventory`
--

INSERT INTO `bf_inventory` (`id`, `name`, `category_id`, `status`) VALUES
(1, 'Aceclofenac  Tabs', 1, 1),
(2, 'Activated Charcoal', 1, 1),
(3, 'Acyclovir Cream', 1, 1),
(4, 'Acyclovir Tabs', 1, 1),
(5, 'Acyclovir Tabs', 1, 1),
(6, 'Adrenaline Inj.', 1, 1),
(7, 'Albendazole suspension', 1, 1),
(8, 'Albendazole Tabs', 1, 1),
(9, 'Alcof Expectorant', 1, 1),
(10, 'Aldactone Tabs', 1, 1),
(11, 'Allugel Suspension', 1, 1),
(12, 'Aminophylline Inj.', 1, 1),
(13, 'Amitriptyline Tabs.', 1, 1),
(14, 'Amlodipine Tabs', 1, 1),
(15, 'Amlodipine Tabs.', 1, 1),
(16, 'Amoxicillin Caps', 1, 1),
(17, 'Amoxicillin Capsules', 1, 1),
(18, 'Amoxicillin Suspension', 1, 1),
(19, 'Amoxicillin Suspension', 1, 1),
(20, 'Amoxiclav Inj.', 1, 1),
(21, 'Amoxiclav Suspension', 1, 1),
(22, 'Amoxiclav Suspension', 1, 1),
(23, 'Amoxiclav Suspension', 1, 1),
(24, 'Amoxiclav Suspension', 1, 1),
(25, 'Amoxiclav Tabs', 1, 1),
(26, 'Amoxiclav Tabs', 1, 1),
(27, 'Ampiclox Capsules', 1, 1),
(28, 'Ampiclox Neonatal oral drops', 1, 1),
(29, 'Ampiclox Suspension', 1, 1),
(30, 'Anustat Oint.', 1, 1),
(31, 'Artemether Inj.', 1, 1),
(32, 'Artemether Inj.', 1, 1),
(33, 'Artesunate Inj.', 1, 1),
(34, 'Ascoril Expectorant', 1, 1),
(35, 'Atenolol Tabs', 1, 1),
(36, 'Atorvastatin Tabs', 1, 1),
(37, 'Atropine Inj.', 1, 1),
(38, 'Avamys Nasal Spray(fluticasone', 1, 1),
(39, 'Azithromycin Suspension', 1, 1),
(40, 'Azithromycin Tabs', 1, 1),
(41, 'Azithromycin Tabs.', 1, 1),
(42, 'Rabeprazole Caps.', 1, 1),
(43, 'Beclomethasone Inhaler', 1, 1),
(44, 'Benzathine Penicillin Inj', 1, 1),
(45, 'Benzhexol Tabs', 1, 1),
(46, 'Benzyl Benzoate Lotion', 1, 1),
(47, ' BenzylPenicillin Inj', 1, 1),
(48, 'Benzyl Penicillin Inj', 1, 1),
(49, 'Betapyn Tabs', 1, 1),
(50, 'Bisacodyl Tabs', 1, 1),
(51, 'Bromazepam Tabs', 1, 1),
(52, 'Bromocriptine Tabs', 1, 1),
(53, 'Brufen Suspension', 1, 1),
(54, 'Brufen Suspension', 1, 1),
(55, 'Brufen Tabs', 1, 1),
(56, 'Brufen Tabs', 1, 1),
(57, 'Budesonide Inhaler', 1, 1),
(58, 'Buscopan Inj', 1, 1),
(59, 'Buscopan Suspension', 1, 1),
(60, 'Buscopan Tabs', 1, 1),
(61, 'Calamine lotion', 1, 1),
(62, 'Calbo-D Tabs', 1, 1),
(63, 'Carbamazepine Tabs', 1, 1),
(64, 'Carvedilol Tabs', 1, 1),
(65, 'Cartil Forte Tabs', 1, 1),
(66, 'Carvedilol Tabs', 1, 1),
(67, 'Caustic Pencil', 1, 1),
(68, 'Cefalexin Caps', 1, 1),
(69, 'Cefalexin Caps', 1, 1),
(70, 'Cefalexin Suspension', 1, 1),
(71, 'Cefixime Tabs', 1, 1),
(72, 'Cefpodoxime Suspension', 1, 1),
(73, 'Cefpodoxime Tabs', 1, 1),
(74, 'Ceftriaxone Inj.', 1, 1),
(75, 'Ceftriaxone Inj.', 1, 1),
(76, 'Cefuroxime Suspension', 1, 1),
(77, 'Cefuroxime Suspension', 1, 1),
(78, 'Cefuroxime tabs', 1, 1),
(79, 'Cefuroxime Tabs', 1, 1),
(80, 'Celecoxib Tabs', 1, 1),
(81, 'Ceprolen D E/drops', 1, 1),
(82, 'Cetrizine Syrup', 1, 1),
(83, 'Cetrizine Syrup', 1, 1),
(84, 'Cetrizine Tabs', 1, 1),
(85, 'Chlorhexidine Mouthwash(Remidin)', 1, 1),
(86, 'Chlorhexidine/cetrimide Oint.(Heal Care Cream)', 1, 1),
(87, 'Chlorpheniramine Inj', 1, 1),
(88, 'Chlorpheniramine Syrup', 1, 1),
(89, 'Chlorpheniramine Tabs', 1, 1),
(90, 'Chlorpromazine Inj.', 1, 1),
(91, 'Chlorpromazine Tabs', 1, 1),
(92, 'Chlorpromazine Tabs', 1, 1),
(93, 'Ciprofloxacin E/drops', 1, 1),
(94, 'Ciprofloxacin Tabs', 1, 1),
(95, 'Ciprofloxacin Tabs', 1, 1),
(96, 'Cital', 1, 1),
(97, 'Clarithromycin Suspension', 1, 1),
(98, 'Clarithromycin Tabs', 1, 1),
(99, 'Clindamycin Caps', 1, 1),
(100, 'Clotrimazole Cream', 1, 1),
(101, 'Clotrimazole Ear drops', 1, 1),
(102, 'Clotrimazole Pessary', 1, 1),
(103, 'Clotrine Betamethasone cream', 1, 1),
(104, 'Cloxacillin Caps', 1, 1),
(105, 'Cofnil Syrup', 1, 1),
(106, 'Colifree Tabs', 1, 1),
(107, 'Co-trimoxazole suspension', 1, 1),
(108, 'Co-trimoxazole Tabs', 1, 1),
(109, 'Co-trimoxazole Tabs', 1, 1),
(110, 'Cyclopam Suspension', 1, 1),
(111, 'Cyclopam-P Tabs', 1, 1),
(112, 'Cyproheptadine', 1, 1),
(113, 'Dacof dry cough', 1, 1),
(114, 'Dacof Expectorant', 1, 2),
(115, 'Dacof Mucolytic', 1, 1),
(116, 'Desloratidine suspension', 1, 1),
(117, 'Desloratidine Tabs', 1, 1),
(118, 'Dexamethasone E/drops drops', 1, 1),
(119, 'Dexamethasone Inj.', 1, 1),
(120, 'Dexomet-N drops', 1, 1),
(121, 'Dextrose 10%', 1, 1),
(122, 'Dextrose 5%', 1, 1),
(123, 'Dextrose 50%', 1, 1),
(124, 'Dextrose in Normal Saline(DNS)', 1, 1),
(125, 'Diazepam Inj', 1, 1),
(126, 'Diazepam Tabs', 1, 1),
(127, 'Diclofenac Gel', 1, 1),
(128, 'Diclofenac Inj', 1, 1),
(129, 'Diclofenac Tabs', 1, 1),
(130, 'Diclofenac Tabs', 1, 1),
(131, 'Digoxin Tabs', 1, 1),
(132, 'Dihydrocodeine(DHC) Tabs', 1, 1),
(133, 'Diprofos Inj.', 1, 1),
(134, 'Dobesil Caps', 1, 1),
(135, 'Dobesil H Cream', 1, 1),
(136, 'Doloact MR Tabs', 1, 1),
(137, 'Doloact Plus Tabs', 1, 1),
(138, 'Domperidone Suspension', 1, 1),
(139, 'Domperidone Tabs', 1, 1),
(140, 'Doxycycline Caps', 1, 1),
(141, 'Ecofree Tabs', 1, 1),
(142, 'Ecofree Tabs', 1, 1),
(143, 'Enalapril Tabs', 1, 1),
(144, 'Enalapril Tabs', 1, 1),
(145, 'Enzoflam Tabs', 1, 1),
(146, 'Ephedrine Nasal drops', 1, 1),
(147, 'Erthromycin Tabs', 1, 1),
(148, 'Erythromycin Suspension', 1, 1),
(149, 'Esclam Kit', 1, 1),
(150, 'Esomeprazole Tabs', 1, 1),
(151, 'Esomeprazole Tabs', 1, 1),
(152, 'Etamsylate Inj', 1, 1),
(153, 'Etamsylate Tabs', 1, 1),
(154, 'Felodipine(Plendil) Tabs', 1, 1),
(155, 'Felodipine(Plendil) Tabs', 1, 1),
(156, 'Ferrous Sulphate Tabs', 1, 1),
(157, 'Flucloxacillin Caps', 1, 1),
(158, 'Flucloxacillin Caps', 1, 1),
(159, 'Flucloxacillin Inj', 1, 1),
(160, 'Flucloxacillin Suspension', 1, 1),
(161, 'Fluconazole Suspension', 1, 1),
(162, 'Fluconazole Tabs', 1, 1),
(163, 'Fluconazole Tabs', 1, 1),
(164, 'Flunarizine Tabs', 1, 1),
(165, 'Fluphenazine Inj.', 1, 1),
(166, 'Folic Acid Tabs', 1, 1),
(167, 'Foralin Inhaler', 1, 1),
(168, 'Frusemide Inj.', 1, 1),
(169, 'Frusemide Tabs', 1, 1),
(170, 'Gabanerve Tabs', 1, 1),
(171, 'Gabapentin Caps', 1, 1),
(172, 'Gemcal Soft Caps', 1, 1),
(173, 'Gendex E/E drops', 1, 1),
(174, 'Gentamicin drops', 1, 1),
(175, 'Gentamicin inj.', 1, 1),
(176, 'Glibenclamide Tabs', 1, 1),
(177, 'Glimepiride Tabs', 1, 1),
(178, 'Griseofulvin Tabs', 1, 1),
(179, 'Griseofulvin Tabs', 1, 1),
(180, 'Griseofulvin Tabs', 1, 1),
(181, 'Hemfer Softgel Caps', 1, 1),
(182, 'Hemosan Caps', 1, 1),
(183, 'Hemoton-S Syrup', 1, 1),
(184, 'Hydrochlorothiazide Tabs', 1, 1),
(185, 'Hydrochlorothiazide Tabs', 1, 1),
(186, 'Hydrocortisone cream', 1, 1),
(187, 'Hydrocortisone inj', 1, 1),
(188, 'Hydroxychloroquine(HCQs) Tabs', 1, 1),
(189, 'Ibulab Tabs', 1, 1),
(190, 'IFAS(Ferrous+Folic)Tabs', 1, 1),
(191, 'Ivycrom E/drops', 1, 1),
(192, 'Neomycin/dexamethasone eye drops', 1, 1),
(193, 'Ivymoicell drops', 1, 1),
(194, 'Ivysolone drops', 1, 1),
(195, 'zinc sulphate drops', 1, 1),
(196, 'JASA Tabs', 1, 1),
(197, 'Ketoconazole Tabs', 1, 1),
(198, 'Ketoprofen Gel', 1, 1),
(199, 'Lactulose Suspension', 1, 1),
(200, 'Lansoprazole Caps', 1, 1),
(201, 'Levofloxacin Inf.', 1, 1),
(202, 'Levofloxacin Tabs', 1, 1),
(203, 'Lisinopril(Zestril) Tabs', 1, 1),
(204, 'Lisinopril(Zestril) Tabs', 1, 1),
(205, 'Loperamide Caps', 1, 1),
(206, 'Loratidine Tabs', 1, 1),
(207, 'Losartan H Tabs', 1, 1),
(208, 'Losartan Tabs', 1, 1),
(209, 'Lotem(brufen+pcm suspension)', 1, 1),
(210, 'Lubricating Gel', 1, 1),
(211, 'Maxitrol drops', 1, 1),
(212, 'Mebendazole Suspension', 1, 1),
(213, 'Mebendazole Tabs', 1, 1),
(214, 'Mefenamic Acid Caps', 1, 1),
(215, 'Meloxicam Tabs', 1, 1),
(216, 'Meloxicam Tabs', 1, 1),
(217, 'Metformin Tabs', 1, 1),
(218, 'Metformin Tabs', 1, 1),
(219, 'Metformin Tabs', 1, 1),
(220, 'Methotrexate Tabs', 1, 1),
(221, 'Methyl Dopa Tabs(Aldomet)', 1, 1),
(222, 'Metoclopramide Inj', 1, 1),
(223, 'Metoclopramide Tabs', 1, 1),
(224, 'Metronidazole Inf.', 1, 1),
(225, 'Metronidazole Suspension', 1, 1),
(226, 'Metronidazole Tabs', 1, 1),
(227, 'Metronidazole Tabs', 1, 1),
(228, 'Metronidazole/Diloxanide Furoate Suspension', 1, 1),
(229, 'Metronidazole/Diloxanide Furoate Tabs', 1, 1),
(230, 'Microenema', 1, 1),
(231, 'Mixtard 30 insulin per iu (INPATIENT ONLY)', 1, 1),
(232, 'Montel Tabs', 1, 1),
(233, 'Montelukast Tabs', 1, 1),
(234, 'Multi-Vitamin Syrup', 1, 1),
(235, 'Multi-Vitamin Tabs', 1, 1),
(236, 'Myospaz Tabs', 1, 1),
(237, 'Neomycin sulphate/dexamethasone sodium phospahate', 1, 1),
(238, 'Neurobion Forte Tabs', 1, 1),
(239, 'Nifedipine Tabs', 1, 1),
(240, 'Nilacid Suspension', 1, 1),
(241, 'Nitrofurantoin Tabs', 1, 1),
(242, 'Norfloxacin Tabs', 1, 1),
(243, 'Normal Saline 0.9%', 1, 1),
(244, 'Normal Saline Nasal drops', 1, 1),
(245, 'Nosic', 1, 1),
(246, 'Nystatin Drops', 1, 1),
(247, 'O.R.S', 1, 1),
(248, 'Oculast E/drops', 1, 1),
(249, 'Oflodex E/drops(ofloxacin/dexametasone)', 1, 1),
(250, 'Omeprazole Caps', 1, 1),
(251, 'Omeprazole Inj.', 1, 1),
(252, 'Orbidex T drops', 1, 1),
(253, 'Ornidazole Tabs', 1, 1),
(254, 'Osteocare Plus Tabs', 1, 1),
(255, 'Osteocare Tabs', 1, 1),
(256, 'Osteocerin Tabs', 1, 1),
(257, 'Otorex Ear drops', 1, 1),
(258, 'Oxybral SR Caps', 1, 1),
(259, 'Oxymetazoline N/drops', 1, 1),
(260, 'Pantoprazole Inj.', 1, 1),
(261, 'Paracetamol Inj', 1, 1),
(262, 'Paracetamol Suppository', 1, 1),
(263, 'Paracetamol Suppository', 1, 1),
(264, 'Paracetamol suspension', 1, 1),
(265, 'Paracetamol Tabs', 1, 1),
(266, 'Pethidine Inj', 1, 1),
(267, 'Phenobarbitone Inj.', 1, 1),
(268, 'Phenobarbitone Tabs', 1, 1),
(269, 'Phenytoin Caps', 1, 1),
(270, 'Phenytoin Tabs', 1, 1),
(271, 'Piriton Expectorant', 1, 1),
(272, 'Piriton Original', 1, 1),
(273, 'Piroxicam caps', 1, 1),
(274, 'Povidone Iodine Mouthwash(Dawadine)', 1, 1),
(275, 'Prednisolone Syrup', 1, 1),
(276, 'Prednisolone Tabs', 1, 1),
(277, 'Prednisolone eye drop', 1, 1),
(278, 'Preg Smile', 1, 1),
(279, 'Pregabalin  Caps', 1, 1),
(280, 'Pregnacare Tabs', 1, 1),
(281, 'Probeta E/E/N', 1, 1),
(282, 'Probeta N. E/E/N', 1, 1),
(283, 'Promethazine Inj', 1, 1),
(284, 'Promethazine syrup', 1, 1),
(285, 'Propranolol Tabs', 1, 1),
(286, 'Pylotrip Kit', 1, 1),
(287, 'Pyridoxine (Vit B6) Tabs', 1, 1),
(288, 'Ranferon-12 Syrup', 1, 1),
(289, 'Ranitidine Inj', 1, 1),
(290, 'Ranitidine Tabs', 1, 1),
(291, 'Ranitidine Tabs', 1, 1),
(292, 'Relcer Gel', 1, 1),
(293, 'Rilif MR Tabs.', 1, 1),
(294, 'Rilif Plus', 1, 1),
(295, 'Ringers Solution', 1, 1),
(296, 'Rubem Gel', 1, 1),
(297, 'Salbutamol Inhaler', 1, 1),
(298, 'Salbutamol Syrup', 1, 1),
(299, 'Salbutamol Tabs', 1, 1),
(300, 'Secnidazole Tabs', 1, 1),
(301, 'Sediproct  Cream', 1, 1),
(302, 'Sediproct Suppositories', 1, 1),
(303, 'Silver Sulphadiazine Cream', 1, 1),
(304, 'Sodium Valproate Tabs', 1, 1),
(305, 'Spasmocare Tabs', 1, 1),
(306, 'Tears Naturale  II drops', 1, 1),
(307, 'Tetracycline Eye Oint.', 1, 1),
(308, 'Tinidazole Tabs ', 1, 1),
(309, 'Tobramycin E/drops', 1, 1),
(310, 'Tramadol Caps', 1, 1),
(311, 'Tramadol Inj.', 1, 1),
(312, 'Tranexamic Acid Caps', 1, 1),
(313, 'Tranexamic Acid Inj', 1, 1),
(314, 'Trephazine Expectorant', 1, 1),
(315, 'Trimex Mucolytic', 1, 1),
(316, 'Trinocort Inj', 1, 1),
(317, 'TX-MF Tabs', 1, 1),
(318, 'Ventolin Exp.', 1, 1),
(319, 'Ventolin Respirator', 1, 1),
(320, 'Ventolin Syrup(Original)', 1, 1),
(321, 'Vitamin A Caps', 1, 1),
(322, 'Vitamin B Complex Tabs', 1, 1),
(323, 'Vitamin C', 1, 1),
(324, 'Vitamin K Inj.', 1, 1),
(325, 'Water for inj.', 1, 1),
(326, 'Xtraderm Cream', 1, 1),
(327, 'Zestoretic Tabs', 1, 1),
(328, 'Zinc Sulphate Monohydrate Tab 20mg', 1, 1),
(329, 'Haloperidol', 1, 1),
(330, 'Fluoxetine', 1, 1),
(331, 'Carbimazole tabs', 1, 1),
(332, 'Warfarin tabs', 1, 1),
(559, 'Trimin Tabs 100/50/100mg', 1, 1),
(565, 'Ranferon tabs', 1, 1),
(566, 'Artemether tabs', 1, 1),
(567, 'Celestamine tabs', 1, 1),
(576, 'Pethidine Inj 100mg/ml', 1, 1),
(577, 'Pethidine Inj 100mg/ml', 1, 2),
(578, 'Esclam kit 20/500/1000mg', 1, 1),
(579, 'Esclam kit 20/500/1000mg', 1, 2),
(583, 'Aminosidine tabs 250mg', 1, 1),
(584, 'Clomiphene tabs 50mg', 1, 1),
(585, 'Fluoxetine HCL Caps 20mg', 1, 1),
(586, 'Indomethacin Caps .25mg', 1, 1),
(587, 'Norethisterone tabs 5mg', 1, 1),
(588, 'Ondanesetron HCL 4mg', 1, 1),
(589, 'Fluconazole inj 200mg (2mg/ml) 100ml bottle', 1, 1),
(590, 'Ketamine HCL Injection 50mg/ml 10ml vial', 1, 1),
(591, 'Potassium Chloride injection 15% 10ml', 1, 1),
(592, 'Syringe (disposable) 5 ml', 1, 1),
(593, 'Glibenclamide Tabs 2mg', 1, 1),
(594, 'Fluconazole Tabs 150mg', 1, 1),
(595, 'Pregnacare plus Tabs ', 1, 1),
(596, 'Desloratidine syrup 60mls', 1, 1),
(597, 'Throatsil Lozenges tab', 1, 1),
(598, 'Erythromycin Tablets 500mg', 1, 1),
(599, 'Ascorbi Acid tabs', 1, 1),
(600, 'Insulin Soluble per iu', 1, 1),
(603, 'Dopam (Domeridone+Pantaprazole)', 1, 1),
(604, '(Brustan) Ibrufen/paracetamol Suspension ', 1, 1),
(605, 'Clopidogrel 75mg', 1, 1),
(606, 'Hepatitis B vaccine adults', 1, 1),
(607, 'Secnidazole tabs 1gm', 1, 1),
(608, 'Buscopan plus', 1, 1),
(609, 'Carvedilol 25mg', 1, 1),
(621, 'Enlev Syrup 60ml', 1, 1),
(622, 'Prednipos 10mls eye drops', 1, 1),
(623, 'Ketomar 100ml Suspension', 1, 1),
(624, 'Lovir eye ointment 4.5mg eye drops', 1, 1),
(625, 'Mo-floven 5 ml syrup', 1, 1),
(626, 'Akutim drops 5ml eye drops', 1, 1),
(627, 'Phenylephrine Hdrochloride caps', 1, 1),
(628, 'Aurotim 5mls eye drops', 1, 1),
(629, 'Brimochek 5mls eye drops', 1, 1),
(630, 'TML 5mls eye drops', 1, 1),
(631, 'Aurocrome 10mls eye drop', 1, 1),
(632, 'Atropine 5ml eye drop', 1, 1),
(633, 'Inovit E-200 Caps', 1, 1),
(634, 'Piogluc 30 mg', 1, 1),
(635, 'Diamicron MR tabs 60mg', 1, 1),
(636, 'Glycerine 4mg suppositories', 1, 1),
(637, 'Galvus Met tabs 50/500mg', 1, 1),
(638, 'Treviamet 50/500mg tabs', 1, 1),
(639, 'Sildenafil 50mg tabs', 1, 1),
(640, 'Notrilis SR 1.5mg', 1, 1),
(641, 'Mucosolran liquid 15mg/5ml/100ml', 1, 1),
(643, 'Natrilix SR 1.5mg', 1, 1),
(644, 'Tetracycline skin ointment 15g', 1, 1),
(645, 'Anomex suppository ', 1, 1),
(647, 'Dexapos drops', 1, 1),
(648, 'Phenylephrine HCL eye drop', 1, 1),
(649, 'Sodium Valproate Tabs 500mg', 1, 1),
(650, 'Whitefield ointment 20g', 1, 1),
(652, 'Pantoprazole 40 mg Tabs', 1, 1),
(653, 'Ondansetron injection 2mg/ml', 1, 1),
(654, 'Trevia/sitagliptin 50mg', 1, 1),
(655, 'Zulu (Aceclofenac/Paracetamol) 100/500mg', 1, 1),
(656, 'Exevate MF 20g ', 1, 1),
(657, 'Vitamin B & high potency inj (Pabrinex)', 1, 1),
(658, 'Zyrtal-MR 100/500/500mg', 1, 1),
(659, 'Baclofen tabs 10mg', 1, 1),
(661, 'Ceftazidime inj 1mg vial', 1, 1),
(673, 'Filwel Gold tabs', 1, 1),
(674, 'Probrain plus tabs', 1, 1),
(675, 'Heparin inj 5000 iu/ml', 1, 1),
(676, 'Hydralazine Tabs 25mg', 1, 1),
(679, 'Mixtard 30 insulin per iu', 1, 1),
(689, 'Lactulose Syrup 100ml', 1, 1),
(690, 'Terbinafine Hydrochloride cream', 1, 1),
(691, 'Clotrimazole powder', 1, 1),
(693, 'Benylin with codeine', 1, 1),
(694, 'Benylin Paed 100ml', 1, 1),
(695, 'Benylin Expec. Chesty 100ml', 1, 1),
(696, 'Glimepiride 2mg', 1, 1),
(697, 'Olanzapine 5mg', 1, 1),
(698, 'Olanzapine 10mg', 1, 1),
(699, 'Tacrolimus  5gm(0.1)%', 1, 1),
(700, 'Montel DT 4/2.5mg', 1, 1),
(701, 'Dexamethasone tabs 0.5mg', 1, 1),
(702, 'Lidocaine inj 2% 30ml', 1, 1),
(703, 'Tobramycin & Dexamethasone ', 1, 1),
(705, 'ADOVAS', 1, 1),
(706, 'Fentanyl Citrate inj 50mcg/ml', 1, 1),
(707, 'Co-Trimoxazole 960mg', 1, 1),
(708, 'Co-Trimoxazole 240mg', 1, 1),
(709, 'Dexamethasone tabs 5mg', 1, 1),
(711, 'Mucospel Syrup (Bromhexine 4mg/5ml)', 1, 1),
(712, 'Fungidal HC Cream ', 1, 1),
(713, 'Calcium Glucanate inj. 10%', 1, 1),
(714, 'Magnesium Sulphate inj. 50%', 1, 1),
(715, 'Sodium Bicarbonate inj. 8.4%', 1, 1),
(716, 'Erythromycin Tablets 250mg', 1, 1),
(717, 'Timolol Eye Drops 0.5% 5ml', 1, 1),
(718, 'Mypaid', 1, 1),
(719, 'Fungidal hc cream', 1, 1),
(720, 'mucospel syru(bromhexine', 1, 1),
(722, 'montallergy 5/10 mg', 1, 1),
(723, 'acyclovir 3% eye ointment', 1, 1),
(725, 'clotrimazole pessaies [candid v-1]500mg', 1, 1),
(726, 'azith/fluco/secnid 1/150/1 [uti kit]', 1, 1),
(727, 'CYTCAN [fluconazole] 200mg', 1, 1),
(728, 'MYOCOR [chlorz/pcm]250/325mg', 1, 1),
(729, 'FERICOR capsule', 1, 1),
(730, 'MONTECOR PLUS 10/5mg', 1, 1),
(731, 'Terbinafine tablets 250mg', 1, 1),
(732, 'Cefcy 400mg', 1, 1),
(733, 'V-DRUF SHAMPOO', 1, 1),
(734, 'desafe 5mg', 1, 1),
(735, 'fexofenadine 120mg', 1, 1),
(736, 'lidocaiine and adrenaline', 1, 1),
(737, 'mtz/clotr/lactic [INFA-V]', 1, 1),
(738, 'Paracetamol IV 1G', 1, 1),
(739, 'Paracetamol IV 1G', 1, 1),
(741, 'dynapar injectio. 75 mg /ml (diclofenac 1njection)', 1, 1),
(743, 'Levosalbutamol', 1, 1),
(744, 'silver sulphadiazine 1% 15 mg tube', 1, 1),
(745, 'maxitro eye ointment', 1, 1),
(746, 'silver sulphadiazine cream 1% 15mg', 1, 1),
(747, 'levosalbutamol 1mg/5ml', 1, 1),
(750, 'Decomit(beclomethasone)', 1, 1),
(751, 'Zolfin(aceclofenac) 100mg', 1, 1),
(752, 'Napa Extra(pcm and caffeine) 500mg and 65 mg', 1, 1),
(753, 'Zimax(Azithromycin)', 1, 1),
(754, 'Alatrol(cetrizine)', 1, 1),
(755, 'Secnid', 1, 1),
(756, 'Melixol(Flupenthixol and Melitracen)0.5Mg and 10mg', 1, 1),
(757, 'Enaril 5mg', 1, 1),
(758, 'Pretin(loratidine)10MG', 1, 1),
(759, 'Bextram Gold(muiltvitamins)', 1, 1);

-- --------------------------------------------------------

--
-- Table structure for table `bf_login_attempts`
--

DROP TABLE IF EXISTS `bf_login_attempts`;
CREATE TABLE IF NOT EXISTS `bf_login_attempts` (
  `id` bigint(20) NOT NULL AUTO_INCREMENT,
  `ip_address` varchar(45) NOT NULL,
  `login` varchar(255) NOT NULL,
  `time` timestamp NULL DEFAULT CURRENT_TIMESTAMP,
  PRIMARY KEY (`id`)
) ENGINE=MyISAM AUTO_INCREMENT=38 DEFAULT CHARSET=utf8;

-- --------------------------------------------------------

--
-- Table structure for table `bf_orders`
--

DROP TABLE IF EXISTS `bf_orders`;
CREATE TABLE IF NOT EXISTS `bf_orders` (
  `id` int(11) NOT NULL AUTO_INCREMENT,
  `order_date` date NOT NULL,
  `order_by` int(11) NOT NULL,
  `status` tinyint(4) NOT NULL,
  `created_by` int(11) NOT NULL,
  `created_on` datetime NOT NULL,
  `modified_by` int(11) DEFAULT NULL,
  `modified_on` datetime DEFAULT NULL,
  PRIMARY KEY (`id`)
) ENGINE=MyISAM AUTO_INCREMENT=2 DEFAULT CHARSET=latin1;

--
-- Dumping data for table `bf_orders`
--

INSERT INTO `bf_orders` (`id`, `order_date`, `order_by`, `status`, `created_by`, `created_on`, `modified_by`, `modified_on`) VALUES
(1, '2019-05-14', 10, -1, 1, '2019-05-14 07:11:40', 1, '2019-05-14 08:14:15');

-- --------------------------------------------------------

--
-- Table structure for table `bf_order_items`
--

DROP TABLE IF EXISTS `bf_order_items`;
CREATE TABLE IF NOT EXISTS `bf_order_items` (
  `id` int(11) NOT NULL AUTO_INCREMENT,
  `product_id` int(11) NOT NULL,
  `order_qty` double NOT NULL,
  `current_qty` double DEFAULT NULL,
  `comments` text,
  `status` tinyint(4) NOT NULL,
  `created_by` int(11) NOT NULL,
  `created_on` datetime NOT NULL,
  `modified_by` int(11) DEFAULT NULL,
  `modified_on` datetime DEFAULT NULL,
  `order_id` int(11) NOT NULL,
  PRIMARY KEY (`id`)
) ENGINE=MyISAM AUTO_INCREMENT=4 DEFAULT CHARSET=latin1;

--
-- Dumping data for table `bf_order_items`
--

INSERT INTO `bf_order_items` (`id`, `product_id`, `order_qty`, `current_qty`, `comments`, `status`, `created_by`, `created_on`, `modified_by`, `modified_on`, `order_id`) VALUES
(1, 1, 30, 30, 'First Test', 1, 1, '2019-05-14 07:22:07', 1, '2019-05-14 08:12:01', 1),
(2, 2, 23, 23, 'Second Test', 1, 1, '2019-05-14 08:04:27', NULL, NULL, 1),
(3, 4, 50, 50, 'Test Product 3', 1, 1, '2019-05-14 08:14:12', NULL, NULL, 1);

-- --------------------------------------------------------

--
-- Table structure for table `bf_permissions`
--

DROP TABLE IF EXISTS `bf_permissions`;
CREATE TABLE IF NOT EXISTS `bf_permissions` (
  `permission_id` int(11) NOT NULL AUTO_INCREMENT,
  `name` varchar(255) NOT NULL,
  `description` varchar(100) NOT NULL,
  `status` enum('active','inactive','deleted') NOT NULL DEFAULT 'active',
  PRIMARY KEY (`permission_id`)
) ENGINE=MyISAM AUTO_INCREMENT=114 DEFAULT CHARSET=utf8;

--
-- Dumping data for table `bf_permissions`
--

INSERT INTO `bf_permissions` (`permission_id`, `name`, `description`, `status`) VALUES
(2, 'Site.Content.View', 'Allow users to view the Content Context', 'active'),
(3, 'Site.Reports.View', 'Allow users to view the Reports Context', 'active'),
(4, 'Site.Settings.View', 'Allow users to view the Settings Context', 'active'),
(5, 'Site.Developer.View', 'Allow users to view the Developer Context', 'active'),
(6, 'Bonfire.Roles.Manage', 'Allow users to manage the user Roles', 'active'),
(7, 'Bonfire.Users.Manage', 'Allow users to manage the site Users', 'active'),
(8, 'Bonfire.Users.View', 'Allow users access to the User Settings', 'active'),
(9, 'Bonfire.Users.Add', 'Allow users to add new Users', 'active'),
(10, 'Bonfire.Database.Manage', 'Allow users to manage the Database settings', 'active'),
(11, 'Bonfire.Emailer.Manage', 'Allow users to manage the Emailer settings', 'active'),
(12, 'Bonfire.Logs.View', 'Allow users access to the Log details', 'active'),
(13, 'Bonfire.Logs.Manage', 'Allow users to manage the Log files', 'active'),
(14, 'Bonfire.Emailer.View', 'Allow users access to the Emailer settings', 'active'),
(15, 'Site.Signin.Offline', 'Allow users to login to the site when the site is offline', 'active'),
(16, 'Bonfire.Permissions.View', 'Allow access to view the Permissions menu unders Settings Context', 'active'),
(17, 'Bonfire.Permissions.Manage', 'Allow access to manage the Permissions in the system', 'active'),
(18, 'Bonfire.Modules.Add', 'Allow creation of modules with the builder.', 'active'),
(19, 'Bonfire.Modules.Delete', 'Allow deletion of modules.', 'active'),
(20, 'Permissions.Administrator.Manage', 'To manage the access control permissions for the Administrator role.', 'active'),
(21, 'Permissions.Editor.Manage', 'To manage the access control permissions for the Editor role.', 'active'),
(49, 'Bonfire.Roles.Add', 'To add New Roles', 'active'),
(23, 'Permissions.User.Manage', 'To manage the access control permissions for the User role.', 'active'),
(24, 'Permissions.Developer.Manage', 'To manage the access control permissions for the Developer role.', 'active'),
(48, 'Bonfire.Profiler.View', 'To view the Console Profiler Bar.', 'active'),
(26, 'Activities.Own.View', 'To view the users own activity logs', 'active'),
(27, 'Activities.Own.Delete', 'To delete the users own activity logs', 'active'),
(28, 'Activities.User.View', 'To view the user activity logs', 'active'),
(29, 'Activities.User.Delete', 'To delete the user activity logs, except own', 'active'),
(30, 'Activities.Module.View', 'To view the module activity logs', 'active'),
(31, 'Activities.Module.Delete', 'To delete the module activity logs', 'active'),
(32, 'Activities.Date.View', 'To view the users own activity logs', 'active'),
(33, 'Activities.Date.Delete', 'To delete the dated activity logs', 'active'),
(34, 'Bonfire.UI.Manage', 'Manage the Bonfire UI settings', 'active'),
(35, 'Bonfire.Settings.View', 'To view the site settings page.', 'active'),
(36, 'Bonfire.Settings.Manage', 'To manage the site settings.', 'active'),
(37, 'Bonfire.Activities.View', 'To view the Activities menu.', 'active'),
(38, 'Bonfire.Database.View', 'To view the Database menu.', 'active'),
(39, 'Bonfire.Migrations.View', 'To view the Migrations menu.', 'active'),
(40, 'Bonfire.Builder.View', 'To view the Modulebuilder menu.', 'active'),
(41, 'Bonfire.Roles.View', 'To view the Roles menu.', 'active'),
(42, 'Bonfire.Sysinfo.View', 'To view the System Information page.', 'active'),
(43, 'Bonfire.Translate.Manage', 'To manage the Language Translation.', 'active'),
(44, 'Bonfire.Translate.View', 'To view the Language Translate menu.', 'active'),
(45, 'Bonfire.UI.View', 'To view the UI/Keyboard Shortcut menu.', 'active'),
(113, 'Vision.Orders.Manage', 'The manage orders.', 'active'),
(112, 'Vision.orders.View', 'Access to view make orders.', 'active'),
(111, 'Vision.User_accounts.Manage', 'Manage user accounts i.e Create,edit and delete.', 'active'),
(110, 'Vision.User_accounts.View', 'View user accounts.', 'active'),
(109, 'Vision.Facilities.Edit', 'Manage county facilities i.e Create,edit and delete.', 'active'),
(108, 'Vision.Facilities.View', 'View county facilities .', 'active');

-- --------------------------------------------------------

--
-- Table structure for table `bf_roles`
--

DROP TABLE IF EXISTS `bf_roles`;
CREATE TABLE IF NOT EXISTS `bf_roles` (
  `role_id` int(11) NOT NULL AUTO_INCREMENT,
  `role_name` varchar(60) NOT NULL,
  `description` varchar(255) DEFAULT NULL,
  `default` tinyint(1) NOT NULL DEFAULT '0',
  `can_delete` tinyint(1) NOT NULL DEFAULT '1',
  `login_destination` varchar(255) NOT NULL DEFAULT '/',
  `default_context` varchar(255) DEFAULT 'content',
  `deleted` int(1) NOT NULL DEFAULT '0',
  PRIMARY KEY (`role_id`)
) ENGINE=MyISAM AUTO_INCREMENT=10 DEFAULT CHARSET=utf8;

--
-- Dumping data for table `bf_roles`
--

INSERT INTO `bf_roles` (`role_id`, `role_name`, `description`, `default`, `can_delete`, `login_destination`, `default_context`, `deleted`) VALUES
(1, 'Administrator', 'Has full control over every aspect of the site.', 0, 0, '', 'content', 0),
(2, 'Editor', 'Can handle day-to-day management, but does not have full power.', 0, 1, '', 'content', 0),
(4, 'User', 'This is the default user with access to login.', 1, 0, '', 'content', 0),
(6, 'Developer', 'Developers typically are the only ones that can access the developer tools. Otherwise identical to Administrators, at least until the site is handed off.', 0, 1, '', 'content', 0),
(7, 'National', 'Has full access to all orders both county and sub-county level', 0, 0, '', 'content', 0),
(8, 'County', 'Has access to county level and sub-county level of orders', 0, 0, '', 'content', 0),
(9, 'Subcounty', 'Has only subcounty level access to orders within their facility', 0, 0, '', 'content', 0);

-- --------------------------------------------------------

--
-- Table structure for table `bf_role_permissions`
--

DROP TABLE IF EXISTS `bf_role_permissions`;
CREATE TABLE IF NOT EXISTS `bf_role_permissions` (
  `role_id` int(11) NOT NULL,
  `permission_id` int(11) NOT NULL,
  PRIMARY KEY (`role_id`,`permission_id`)
) ENGINE=MyISAM DEFAULT CHARSET=utf8;

--
-- Dumping data for table `bf_role_permissions`
--

INSERT INTO `bf_role_permissions` (`role_id`, `permission_id`) VALUES
(1, 2),
(1, 3),
(1, 4),
(1, 5),
(1, 6),
(1, 7),
(1, 8),
(1, 9),
(1, 10),
(1, 11),
(1, 12),
(1, 13),
(1, 14),
(1, 15),
(1, 16),
(1, 17),
(1, 18),
(1, 19),
(1, 20),
(1, 21),
(1, 23),
(1, 24),
(1, 26),
(1, 27),
(1, 28),
(1, 29),
(1, 30),
(1, 31),
(1, 32),
(1, 33),
(1, 34),
(1, 35),
(1, 36),
(1, 37),
(1, 38),
(1, 39),
(1, 40),
(1, 41),
(1, 42),
(1, 43),
(1, 44),
(1, 45),
(1, 48),
(1, 49),
(1, 108),
(1, 109),
(1, 110),
(1, 111),
(1, 112),
(1, 113),
(2, 2),
(2, 3),
(6, 2),
(6, 3),
(6, 4),
(6, 5),
(6, 6),
(6, 7),
(6, 8),
(6, 9),
(6, 10),
(6, 11),
(6, 12),
(6, 13),
(6, 48),
(7, 108),
(7, 109),
(7, 110),
(7, 111),
(8, 108),
(8, 109),
(8, 110),
(8, 111),
(8, 113),
(9, 113);

-- --------------------------------------------------------

--
-- Table structure for table `bf_schema_version`
--

DROP TABLE IF EXISTS `bf_schema_version`;
CREATE TABLE IF NOT EXISTS `bf_schema_version` (
  `type` varchar(40) NOT NULL,
  `version` int(4) NOT NULL DEFAULT '0',
  PRIMARY KEY (`type`)
) ENGINE=MyISAM DEFAULT CHARSET=utf8;

--
-- Dumping data for table `bf_schema_version`
--

INSERT INTO `bf_schema_version` (`type`, `version`) VALUES
('core', 43),
('catalog_', 1),
('setting_', 5),
('suppliers_', 1),
('clients_', 1),
('stores_', 1),
('distribution_', 1),
('stocks_', 1),
('expenses_', 1),
('facilities_', 1),
('user_management_', 1),
('orders_', 1);

-- --------------------------------------------------------

--
-- Table structure for table `bf_sessions`
--

DROP TABLE IF EXISTS `bf_sessions`;
CREATE TABLE IF NOT EXISTS `bf_sessions` (
  `session_id` varchar(40) NOT NULL DEFAULT '0',
  `ip_address` varchar(45) NOT NULL DEFAULT '0',
  `user_agent` varchar(120) NOT NULL,
  `last_activity` int(10) UNSIGNED NOT NULL DEFAULT '0',
  `user_data` text NOT NULL,
  PRIMARY KEY (`session_id`)
) ENGINE=MyISAM DEFAULT CHARSET=utf8;

-- --------------------------------------------------------

--
-- Table structure for table `bf_settings`
--

DROP TABLE IF EXISTS `bf_settings`;
CREATE TABLE IF NOT EXISTS `bf_settings` (
  `name` varchar(30) NOT NULL,
  `module` varchar(255) NOT NULL,
  `value` varchar(255) NOT NULL,
  PRIMARY KEY (`name`)
) ENGINE=MyISAM DEFAULT CHARSET=utf8;

--
-- Dumping data for table `bf_settings`
--

INSERT INTO `bf_settings` (`name`, `module`, `value`) VALUES
('site.title', 'core', 'Ordering System'),
('site.system_email', 'core', 'ombego@gmail.com'),
('site.status', 'core', '1'),
('site.list_limit', 'core', '25'),
('site.show_profiler', 'core', '1'),
('site.show_front_profiler', 'core', '0'),
('auth.allow_register', 'core', '0'),
('auth.login_type', 'core', 'both'),
('auth.use_usernames', 'core', '1'),
('auth.allow_remember', 'core', '1'),
('auth.remember_length', 'core', '1209600'),
('auth.do_login_redirect', 'core', '1'),
('auth.use_extended_profile', 'core', '0'),
('sender_email', 'email', ''),
('protocol', 'email', 'mail'),
('mailpath', 'email', '/usr/sbin/sendmail'),
('smtp_host', 'email', ''),
('smtp_user', 'email', ''),
('smtp_pass', 'email', ''),
('smtp_port', 'email', ''),
('smtp_timeout', 'email', ''),
('mailtype', 'email', 'text'),
('site.languages', 'core', 'a:3:{i:0;s:7:\"english\";i:1;s:7:\"persian\";i:2;s:10:\"portuguese\";}'),
('auth.allow_name_change', 'core', '1'),
('auth.name_change_frequency', 'core', '1'),
('auth.name_change_limit', 'core', '1'),
('auth.password_min_length', 'core', '8'),
('auth.password_force_numbers', 'core', '0'),
('auth.password_force_symbols', 'core', '0'),
('auth.password_force_mixed_case', 'core', '0'),
('form_save', 'core.ui', 'ctrl+s/⌘+s'),
('goto_content', 'core.ui', 'alt+c'),
('auth.user_activation_method', 'core', '0'),
('auth.password_show_labels', 'core', '0'),
('password_iterations', 'users', '8'),
('site.offline_reason', 'core', ''),
('ext.street_name', 'core', ''),
('ext.country', 'core', 'US'),
('ext.state', 'core', ''),
('ext.type', 'core', 'small');

-- --------------------------------------------------------

--
-- Table structure for table `bf_users`
--

DROP TABLE IF EXISTS `bf_users`;
CREATE TABLE IF NOT EXISTS `bf_users` (
  `id` bigint(20) UNSIGNED NOT NULL AUTO_INCREMENT,
  `role_id` int(11) NOT NULL DEFAULT '4',
  `email` varchar(254) NOT NULL,
  `phone` varchar(20) DEFAULT NULL,
  `username` varchar(30) NOT NULL DEFAULT '',
  `allocation` int(11) NOT NULL COMMENT 'stores sub county id for  county roles and facility id for subcounty roles',
  `password_hash` char(60) DEFAULT NULL,
  `reset_hash` varchar(40) DEFAULT NULL,
  `last_login` datetime NOT NULL DEFAULT CURRENT_TIMESTAMP,
  `last_ip` varchar(45) NOT NULL DEFAULT '',
  `created_on` datetime NOT NULL DEFAULT CURRENT_TIMESTAMP,
  `deleted` tinyint(1) NOT NULL DEFAULT '0',
  `reset_by` int(10) DEFAULT NULL,
  `banned` tinyint(1) NOT NULL DEFAULT '0',
  `ban_message` varchar(255) DEFAULT NULL,
  `display_name` varchar(255) DEFAULT '',
  `display_name_changed` date DEFAULT NULL,
  `timezone` varchar(40) NOT NULL DEFAULT 'UM6',
  `language` varchar(20) NOT NULL DEFAULT 'english',
  `active` tinyint(1) NOT NULL DEFAULT '0',
  `activate_hash` varchar(40) NOT NULL DEFAULT '',
  `force_password_reset` tinyint(1) DEFAULT '0',
  PRIMARY KEY (`id`),
  KEY `email` (`email`)
) ENGINE=MyISAM AUTO_INCREMENT=13 DEFAULT CHARSET=utf8;

--
-- Dumping data for table `bf_users`
--

INSERT INTO `bf_users` (`id`, `role_id`, `email`, `phone`, `username`, `allocation`, `password_hash`, `reset_hash`, `last_login`, `last_ip`, `created_on`, `deleted`, `reset_by`, `banned`, `ban_message`, `display_name`, `display_name_changed`, `timezone`, `language`, `active`, `activate_hash`, `force_password_reset`) VALUES
(1, 1, 'admin@mybonfire.com', NULL, 'admin', 0, '$2a$08$QL8T5T9iZDn1kTsGkpq1v.k2EprSaS2Ejb08ZF0rrrUQRlN06ehPW', NULL, '2019-05-14 09:31:35', '::1', '2017-07-09 15:12:24', 0, NULL, 0, NULL, 'admin', NULL, 'UM6', 'english', 1, '', 0),
(10, 9, 'subcounty@mail.com', '0711000000', 'subcounty', 3, '$2a$08$s4/FMJ0VvxwBWp591RMQS.op.S.yPB3e/SazOg0o7X7tfXLa0OvV.', NULL, '2019-05-14 09:26:55', '::1', '2019-05-14 05:13:52', 0, NULL, 0, NULL, 'Subcounty Pharmacist', NULL, 'UP3', 'English', 0, '', 0),
(11, 8, 'county@mail.com', '0712000000', 'county', 48, '$2a$08$5rGt6rgo0sIovsd/9sEpouNa/igrYNcGA8.U7C9NKizAGCRUzZiCO', NULL, '2019-05-14 09:32:30', '::1', '2019-05-14 05:21:42', 0, NULL, 0, NULL, 'County Pharmacist', NULL, 'UP3', 'English', 0, '', 0),
(12, 7, 'national@mail.com', '0713000000', 'national', 0, '$2a$08$H6BKhRuv.aS9lM450Pg.M.4Pf2tcCugq6VnOBWOJFx6gaUcpHkZdq', NULL, '2019-05-14 09:36:56', '::1', '2019-05-14 05:23:21', 0, NULL, 0, NULL, 'National order Management team', NULL, 'UP3', 'English', 0, '', 0);

-- --------------------------------------------------------

--
-- Table structure for table `bf_user_cookies`
--

DROP TABLE IF EXISTS `bf_user_cookies`;
CREATE TABLE IF NOT EXISTS `bf_user_cookies` (
  `user_id` bigint(20) UNSIGNED NOT NULL,
  `token` varchar(128) NOT NULL,
  `created_on` datetime NOT NULL,
  KEY `token` (`token`)
) ENGINE=MyISAM DEFAULT CHARSET=utf8;

-- --------------------------------------------------------

--
-- Table structure for table `bf_user_meta`
--

DROP TABLE IF EXISTS `bf_user_meta`;
CREATE TABLE IF NOT EXISTS `bf_user_meta` (
  `meta_id` int(20) UNSIGNED NOT NULL AUTO_INCREMENT,
  `user_id` bigint(20) UNSIGNED NOT NULL DEFAULT '0',
  `meta_key` varchar(255) NOT NULL DEFAULT '',
  `meta_value` text,
  PRIMARY KEY (`meta_id`)
) ENGINE=MyISAM AUTO_INCREMENT=3 DEFAULT CHARSET=utf8;

--
-- Dumping data for table `bf_user_meta`
--

INSERT INTO `bf_user_meta` (`meta_id`, `user_id`, `meta_key`, `meta_value`) VALUES
(1, 9, 'state', ''),
(2, 9, 'country', 'US');
COMMIT;

/*!40101 SET CHARACTER_SET_CLIENT=@OLD_CHARACTER_SET_CLIENT */;
/*!40101 SET CHARACTER_SET_RESULTS=@OLD_CHARACTER_SET_RESULTS */;
/*!40101 SET COLLATION_CONNECTION=@OLD_COLLATION_CONNECTION */;
